cacna1s*1/*1	230	normal_metabolizer	2
cftr*1/*1	227	normal_metabolizer	2
cftr*1/*DEL	1	intermediate_metabolizer	1
cftr*1/*S34	1	unknown	unknown
cftr*1/*S40	1	unknown	unknown
cyp19a1*1/*1	178	normal_metabolizer	2
cyp19a1*1/*2	2	normal_metabolizer	1.5
cyp19a1*1/*3	8	unknown	unknown
cyp19a1*1/*4	37	normal_metabolizer	1.5
cyp19a1*3/*4	2	unknown	unknown
cyp19a1*4/*4	3	intermediate_metabolizer	1
cyp1a1*1/*1	100	normal_metabolizer	2
cyp1a1*1/*13	6	unknown	unknown
cyp1a1*1/*2A	48	unknown	unknown
cyp1a1*1/*2B	25	unknown	unknown
cyp1a1*1/*4	6	unknown	unknown
cyp1a1*2A/*13	3	unknown	unknown
cyp1a1*2A/*2A	9	unknown	unknown
cyp1a1*2A/*2B	12	unknown	unknown
cyp1a1*2A/*2C	2	unknown	unknown
cyp1a1*2A/*4	1	unknown	unknown
cyp1a1*2A/*5	1	unknown	unknown
cyp1a1*2B/*13	1	unknown	unknown
cyp1a1*2B/*2B	16	unknown	unknown
cyp1a2*1/*1	30	normal_metabolizer	2
cyp1a2*1/*1F	90	unknown	unknown
cyp1a2*1/*1L	24	unknown	unknown
cyp1a2*1C/*1L	1	unknown	unknown
cyp1a2*1F/*13	2	unknown	unknown
cyp1a2*1F/*1C	1	unknown	unknown
cyp1a2*1F/*1F	38	unknown	unknown
cyp1a2*1F/*1L	22	unknown	unknown
cyp1a2*1L/*1L	22	unknown	unknown
cyp1b1*1/*1	47	normal_metabolizer	2
cyp1b1*1/*2	39	unknown	unknown
cyp1b1*1/*3	18	unknown	unknown
cyp1b1*1/*4	8	unknown	unknown
cyp1b1*2/*2	15	unknown	unknown
cyp1b1*2/*3	25	unknown	unknown
cyp1b1*2/*4	18	unknown	unknown
cyp1b1*2/*5	1	unknown	unknown
cyp1b1*2/*6	5	unknown	unknown
cyp1b1*2/*7	1	unknown	unknown
cyp1b1*3/*3	14	unknown	unknown
cyp1b1*3/*4	11	unknown	unknown
cyp1b1*3/*5	1	unknown	unknown
cyp1b1*3/*6	14	unknown	unknown
cyp1b1*3/*7	1	unknown	unknown
cyp1b1*4/*4	7	unknown	unknown
cyp1b1*6/*6	3	unknown	unknown
cyp1b1*6/*7	2	unknown	unknown
cyp26a1*1/*1	227	normal_metabolizer	2
cyp26a1*1/*2	3	unknown	unknown
cyp2a13./.	1	.	.
cyp2a13*1/*1	193	normal_metabolizer	2
cyp2a13*1/*2	26	unknown	unknown
cyp2a13*1/*3	1	unknown	unknown
cyp2a13*1/*7	1	intermediate_metabolizer	1
cyp2a13*1/*8	5	unknown	unknown
cyp2a13*2/*2	1	unknown	unknown
cyp2a13*2/*8	1	unknown	unknown
cyp2a13*8/*8	1	unknown	unknown
cyp2a6*1/*1	111	normal_metabolizer	2
cyp2a6*1/*1+*S2	3	unknown	unknown
cyp2a6*1/*10	7	slow_metabolizer	1.5
cyp2a6*1/*11	1	slow_metabolizer	1.5
cyp2a6*1/*12	5	slow_metabolizer	1.5
cyp2a6*1/*14	5	unknown	unknown
cyp2a6*1/*17	5	slow_metabolizer	1.5
cyp2a6*1/*18	4	slow_metabolizer	1.5
cyp2a6*1/*2	1	slow_metabolizer	1
cyp2a6*1/*21	1	slow_metabolizer	1.5
cyp2a6*1/*23	1	slow_metabolizer	1.5
cyp2a6*1/*28	1	unknown	unknown
cyp2a6*1/*31	2	unknown	unknown
cyp2a6*1/*35	2	slow_metabolizer	1.5
cyp2a6*1/*4	16	slow_metabolizer	1
cyp2a6*1/*7	5	slow_metabolizer	1.5
cyp2a6*1/*9	21	slow_metabolizer	1.5
cyp2a6*1+*S2/*1+*S2	1	unknown	unknown
cyp2a6*1+*S2/*18	2	unknown	unknown
cyp2a6*1+*S2/*31	1	unknown	unknown
cyp2a6*1+*S2/*9	1	unknown	unknown
cyp2a6*12/*12	1	slow_metabolizer	1
cyp2a6*14/*18	1	unknown	unknown
cyp2a6*17/*20	1	slow_metabolizer	0.5
cyp2a6*17/*28	1	unknown	unknown
cyp2a6*19/*35	1	slow_metabolizer	1
cyp2a6*2/*21	1	slow_metabolizer	0.5
cyp2a6*2/*9	1	slow_metabolizer	0.5
cyp2a6*31/*35	1	unknown	unknown
cyp2a6*4/*10	3	slow_metabolizer	0.5
cyp2a6*4/*11	1	slow_metabolizer	0.5
cyp2a6*4/*12	1	slow_metabolizer	0.5
cyp2a6*4/*18	1	slow_metabolizer	0.5
cyp2a6*4/*35	1	slow_metabolizer	0.5
cyp2a6*4/*4	3	poor_metabolizer	0
cyp2a6*4/*7	1	slow_metabolizer	0.5
cyp2a6*4/*9	1	slow_metabolizer	0.5
cyp2a6*7/*21	1	slow_metabolizer	1
cyp2a6*7/*9	2	slow_metabolizer	1
cyp2a6*9/*10	1	slow_metabolizer	1
cyp2a6*9/*16	1	unknown	unknown
cyp2a6*9/*18	1	slow_metabolizer	1
cyp2a6*9/*21	1	slow_metabolizer	1
cyp2a6*9/*9	6	slow_metabolizer	1
cyp2a6*9x2/*17	1	slow_metabolizer	1.5
cyp2b6./.	1	.	.
cyp2b6*1/*1	70	normal_metabolizer	2
cyp2b6*1/*11	1	unknown	unknown
cyp2b6*1/*18	1	intermediate_metabolizer	1
cyp2b6*1/*2	13	normal_metabolizer	2
cyp2b6*1/*22	1	rapid_metabolizer	2.5
cyp2b6*1/*29	1	normal_metabolizer	1.5
cyp2b6*1/*4	7	rapid_metabolizer	2.5
cyp2b6*1/*5	8	normal_metabolizer	2
cyp2b6*1/*6	81	normal_metabolizer	1.5
cyp2b6*1/*9	2	normal_metabolizer	1.5
cyp2b6*2/*18	1	intermediate_metabolizer	1
cyp2b6*2/*4	1	rapid_metabolizer	2.5
cyp2b6*2/*6	6	normal_metabolizer	1.5
cyp2b6*22/*22	1	ultrarapid_metabolizer	3
cyp2b6*4/*9	2	normal_metabolizer	2
cyp2b6*5/*5	2	normal_metabolizer	2
cyp2b6*5/*6	5	normal_metabolizer	1.5
cyp2b6*6/*18	1	intermediate_metabolizer	0.5
cyp2b6*6/*22	1	normal_metabolizer	2
cyp2b6*6/*36	1	intermediate_metabolizer	1
cyp2b6*6/*6	22	intermediate_metabolizer	1
cyp2b6*9/*18	1	intermediate_metabolizer	0.5
cyp2c19*1/*1	97	normal_metabolizer	2
cyp2c19*1/*13	2	normal_metabolizer	2
cyp2c19*1/*15	2	normal_metabolizer	2
cyp2c19*1/*17	34	rapid_metabolizer	2.5
cyp2c19*1/*2	42	intermediate_metabolizer	1
cyp2c19*1/*3	11	intermediate_metabolizer	1
cyp2c19*1/*33	1	unknown	unknown
cyp2c19*1/*34	1	unknown	unknown
cyp2c19*15/*15	2	normal_metabolizer	2
cyp2c19*17/*17	6	ultrarapid_metabolizer	3
cyp2c19*17/*35	1	normal_metabolizer	1.5
cyp2c19*2/*17	7	normal_metabolizer	1.5
cyp2c19*2/*2	16	poor_metabolizer	0
cyp2c19*2/*3	5	poor_metabolizer	0
cyp2c19*24/*35	1	poor_metabolizer	0
cyp2c19*3/*3	1	poor_metabolizer	0
cyp2c19*3/*9	1	intermediate_metabolizer	0.5
cyp2c8*1/*1	193	normal_metabolizer	2
cyp2c8*1/*2	10	normal_metabolizer	1.5
cyp2c8*1/*3	19	normal_metabolizer	1.5
cyp2c8*1/*4	3	normal_metabolizer	1.5
cyp2c8*1/*6	1	normal_metabolizer	2
cyp2c8*1/*7	1	intermediate_metabolizer	1
cyp2c8*2/*2	2	intermediate_metabolizer	1
cyp2c8*2/*3	1	intermediate_metabolizer	1
cyp2c9*1/*1	162	normal_metabolizer	2
cyp2c9*1/*11	2	intermediate_metabolizer	1.5
cyp2c9*1/*13	1	intermediate_metabolizer	1.5
cyp2c9*1/*14	2	unknown	unknown
cyp2c9*1/*2	17	intermediate_metabolizer	1.5
cyp2c9*1/*29	1	unknown	unknown
cyp2c9*1/*3	28	intermediate_metabolizer	1.5
cyp2c9*1/*6	1	intermediate_metabolizer	1
cyp2c9*1/*8	2	intermediate_metabolizer	1.5
cyp2c9*1/*9	6	normal_metabolizer	2
cyp2c9*2/*3	2	intermediate_metabolizer	1
cyp2c9*3/*3	2	poor_metabolizer	1
cyp2c9*3/*9	1	normal_metabolizer	1.5
cyp2c9*7/*9	1	unknown	unknown
cyp2c9*8/*8	2	intermediate_metabolizer	1
cyp2d6*1/*1	27	normal_metabolizer	2
cyp2d6*1/*10	11	normal_metabolizer	1.25
cyp2d6*1/*121	2	unknown	unknown
cyp2d6*1/*127	7	unknown	unknown
cyp2d6*1/*13B	1	intermediate_metabolizer	1
cyp2d6*1/*17	4	intermediate_metabolizer	1.5
cyp2d6*1/*1x2	4	ultrarapid_metabolizer	3
cyp2d6*1/*1x3	1	ultrarapid_metabolizer	4
cyp2d6*1/*2	37	normal_metabolizer	2
cyp2d6*1/*20	3	intermediate_metabolizer	1
cyp2d6*1/*29	4	intermediate_metabolizer	1.5
cyp2d6*1/*2x2	3	ultrarapid_metabolizer	3
cyp2d6*1/*3	2	intermediate_metabolizer	1
cyp2d6*1/*33	1	normal_metabolizer	2
cyp2d6*1/*35	2	normal_metabolizer	2
cyp2d6*1/*36+*10	8	normal_metabolizer	1.25
cyp2d6*1/*4	6	intermediate_metabolizer	1
cyp2d6*1/*41	10	normal_metabolizer	1.5
cyp2d6*1/*45	1	normal_metabolizer	2
cyp2d6*1/*5	4	intermediate_metabolizer	1
cyp2d6*1/*9	1	normal_metabolizer	1.5
cyp2d6*10/*10	2	intermediate_metabolizer	0.5
cyp2d6*10/*36+*10	6	intermediate_metabolizer	0.5
cyp2d6*10/*68+*4	1	intermediate_metabolizer	0.25
cyp2d6*13B/*83+*2	1	intermediate_metabolizer	1
cyp2d6*13C/*13B	1	poor_metabolizer	0
cyp2d6*17/*40	1	intermediate_metabolizer	0.5
cyp2d6*1x2/*2	1	ultrarapid_metabolizer	3
cyp2d6*2/*10	4	normal_metabolizer	1.25
cyp2d6*2/*106	1	unknown	unknown
cyp2d6*2/*17	2	normal_metabolizer	1.5
cyp2d6*2/*2	5	normal_metabolizer	2
cyp2d6*2/*29	2	normal_metabolizer	1.5
cyp2d6*2/*3	1	intermediate_metabolizer	1
cyp2d6*2/*35	3	normal_metabolizer	2
cyp2d6*2/*36+*10	2	normal_metabolizer	1.25
cyp2d6*2/*4	6	intermediate_metabolizer	1
cyp2d6*2/*41	5	normal_metabolizer	1.5
cyp2d6*2/*5	2	intermediate_metabolizer	1
cyp2d6*2/*50	1	normal_metabolizer	1.5
cyp2d6*2/*68+*4	1	intermediate_metabolizer	1
cyp2d6*2x2/*17	2	ultrarapid_metabolizer	2.5
cyp2d6*3/*108	1	unknown	unknown
cyp2d6*3/*5	1	poor_metabolizer	0
cyp2d6*35/*35	1	normal_metabolizer	2
cyp2d6*35/*68+*4	1	intermediate_metabolizer	1
cyp2d6*36+*10/*36+*10	5	intermediate_metabolizer	0.5
cyp2d6*36+*10/*41	4	intermediate_metabolizer	0.75
cyp2d6*36+*10/*86	1	unknown	unknown
cyp2d6*4/*13B	1	poor_metabolizer	0
cyp2d6*4/*35	2	intermediate_metabolizer	1
cyp2d6*4/*36+*10	1	intermediate_metabolizer	0.25
cyp2d6*4/*41	2	intermediate_metabolizer	0.5
cyp2d6*4/*45	1	intermediate_metabolizer	1
cyp2d6*4/*4N+*4	1	poor_metabolizer	0
cyp2d6*41/*113	1	unknown	unknown
cyp2d6*41/*41	4	intermediate_metabolizer	1
cyp2d6*41/*86	2	unknown	unknown
cyp2d6*4N+*4/*5	1	poor_metabolizer	0
cyp2d6*5/*10	1	intermediate_metabolizer	0.25
cyp2d6*5/*121	1	unknown	unknown
cyp2d6*5/*122	2	unknown	unknown
cyp2d6*5/*127	1	unknown	unknown
cyp2d6*5/*17	2	intermediate_metabolizer	0.5
cyp2d6*5/*29	1	intermediate_metabolizer	0.5
cyp2d6*5/*36+*10	1	intermediate_metabolizer	0.25
cyp2d6*5/*5	1	poor_metabolizer	0
cyp2d6*S1+*1/*2	1	normal_metabolizer	2
cyp2e1./.	2	.	.
cyp2e1*1/*1	113	normal_metabolizer	2
cyp2e1*1/*7	68	normal_metabolizer	1.5
cyp2e1*1/*7x3	2	rapid_metabolizer	2.5
cyp2e1*1x2/*7	3	rapid_metabolizer	2.5
cyp2e1*2/*7	1	intermediate_metabolizer	1
cyp2e1*5/*7x2	1	unknown	unknown
cyp2e1*7/*7	39	intermediate_metabolizer	1
cyp2e1*7/*7x2	1	normal_metabolizer	1.5
cyp2f1./.	1	.	.
cyp2f1*1/*1	69	normal_metabolizer	2
cyp2f1*1/*2	86	intermediate_metabolizer	1
cyp2f1*1/*3	13	unknown	unknown
cyp2f1*1/*4	11	unknown	unknown
cyp2f1*1/*5	9	unknown	unknown
cyp2f1*1/*6	1	unknown	unknown
cyp2f1*1/*DEL	1	intermediate_metabolizer	1
cyp2f1*2/*2	26	poor_metabolizer	0
cyp2f1*2/*5	7	unknown	unknown
cyp2f1*2/*DEL	2	poor_metabolizer	0
cyp2f1*3/*3	1	unknown	unknown
cyp2f1*3/*4	1	unknown	unknown
cyp2f1*4/*4	1	unknown	unknown
cyp2f1*5/*5	1	unknown	unknown
cyp2j2*1/*1	200	normal_metabolizer	2
cyp2j2*1/*5	1	unknown	unknown
cyp2j2*1/*7	28	unknown	unknown
cyp2j2*7/*7	1	unknown	unknown
cyp2r1*1/*1	230	normal_metabolizer	2
cyp2s1./.	1	.	.
cyp2s1*1/*1	220	normal_metabolizer	2
cyp2s1*1/*3	6	unknown	unknown
cyp2s1*1/*DEL	3	intermediate_metabolizer	1
cyp2w1*1/*1	130	normal_metabolizer	2
cyp2w1*1/*2	19	unknown	unknown
cyp2w1*1/*4	5	unknown	unknown
cyp2w1*1/*6	38	unknown	unknown
cyp2w1*1/*DEL	3	intermediate_metabolizer	1
cyp2w1*2/*2	4	unknown	unknown
cyp2w1*2/*6	5	unknown	unknown
cyp2w1*2/*DEL	1	unknown	unknown
cyp2w1*4/*DEL	2	unknown	unknown
cyp2w1*6/*6	15	unknown	unknown
cyp2w1*6/*DEL	8	unknown	unknown
cyp3a4*1/*1	181	normal_metabolizer	2
cyp3a4*1/*18	2	unknown	unknown
cyp3a4*1/*19	1	unknown	unknown
cyp3a4*1/*1B	20	unknown	unknown
cyp3a4*1/*22	4	normal_metabolizer	1.5
cyp3a4*1/*6	1	unknown	unknown
cyp3a4*1B/*12	1	unknown	unknown
cyp3a4*1B/*1B	18	unknown	unknown
cyp3a4*1B/*24	2	unknown	unknown
cyp3a43*1/*1	191	normal_metabolizer	2
cyp3a43*1/*1B	8	unknown	unknown
cyp3a43*1/*2A	3	intermediate_metabolizer	1
cyp3a43*1/*2B	14	intermediate_metabolizer	1
cyp3a43*1/*3	10	unknown	unknown
cyp3a43*2B/*2B	2	poor_metabolizer	0
cyp3a43*2B/*3	2	unknown	unknown
cyp3a5*1/*1	21	normal_metabolizer	2
cyp3a5*1/*3	59	intermediate_metabolizer	1
cyp3a5*1/*6	9	intermediate_metabolizer	1
cyp3a5*1/*7	6	intermediate_metabolizer	1
cyp3a5*1/*8	1	unknown	unknown
cyp3a5*3/*3	129	poor_metabolizer	0
cyp3a5*3/*7	1	poor_metabolizer	0
cyp3a5*6/*6	3	poor_metabolizer	0
cyp3a5*6/*7	1	poor_metabolizer	0
cyp3a7*1/*1	125	normal_metabolizer	2
cyp3a7*1/*1D	2	unknown	unknown
cyp3a7*1/*1E	4	unknown	unknown
cyp3a7*1/*2	67	unknown	unknown
cyp3a7*1E/*1E	2	unknown	unknown
cyp3a7*1E/*2	5	unknown	unknown
cyp3a7*2/*2	25	unknown	unknown
cyp4b1*1/*1	77	normal_metabolizer	2
cyp4b1*1/*2	44	intermediate_metabolizer	1
cyp4b1*1/*3	50	unknown	unknown
cyp4b1*1/*5	13	unknown	unknown
cyp4b1*1/*S1	1	intermediate_metabolizer	1
cyp4b1*2/*2	8	poor_metabolizer	0
cyp4b1*2/*3	4	unknown	unknown
cyp4b1*2/*4	2	unknown	unknown
cyp4b1*2/*5	8	unknown	unknown
cyp4b1*3/*3	8	unknown	unknown
cyp4b1*3/*4	2	unknown	unknown
cyp4b1*3/*5	3	unknown	unknown
cyp4b1*5/*5	7	unknown	unknown
cyp4b1*S1/*2	1	poor_metabolizer	0
cyp4b1*S1/*3	1	unknown	unknown
cyp4b1*S1/*5	1	unknown	unknown
cyp4f2./.	1	.	.
cyp4f2*1/*1	115	normal_metabolizer	2
cyp4f2*1/*2	16	normal_metabolizer	2
cyp4f2*1/*3	78	normal_metabolizer	1.5
cyp4f2*2/*2	2	normal_metabolizer	2
cyp4f2*2/*3	1	normal_metabolizer	1.5
cyp4f2*3/*3	17	intermediate_metabolizer	1
dpyd*1/*1	9	normal_metabolizer	2
dpyd*1/*4	1	normal_metabolizer	2
dpyd*1/*5	10	normal_metabolizer	2
dpyd*1/*6	2	normal_metabolizer	2
dpyd*1/*9A	7	normal_metabolizer	2
dpyd*1/*S12	25	normal_metabolizer	2
dpyd*1/*S4	2	normal_metabolizer	2
dpyd*1/*S5	1	normal_metabolizer	1.5
dpyd*1/*S6	1	normal_metabolizer	1.5
dpyd*1/*S9	5	normal_metabolizer	2
dpyd*4/*6	1	normal_metabolizer	2
dpyd*4/*9A	1	normal_metabolizer	2
dpyd*4/*S12	4	normal_metabolizer	2
dpyd*5/*5	13	normal_metabolizer	2
dpyd*5/*6	6	normal_metabolizer	2
dpyd*5/*9A	13	normal_metabolizer	2
dpyd*5/*S12	39	normal_metabolizer	2
dpyd*5/*S5	3	normal_metabolizer	1.5
dpyd*5/*S6	1	normal_metabolizer	1.5
dpyd*5/*S9	4	normal_metabolizer	2
dpyd*6/*9A	5	normal_metabolizer	2
dpyd*6/*S12	4	normal_metabolizer	2
dpyd*6/*S9	1	normal_metabolizer	2
dpyd*9A/*9A	10	normal_metabolizer	2
dpyd*9A/*S12	18	normal_metabolizer	2
dpyd*9A/*S72	1	normal_metabolizer	2
dpyd*S12/*S12	17	normal_metabolizer	2
dpyd*S3/*5	1	normal_metabolizer	2
dpyd*S3/*9A	4	normal_metabolizer	2
dpyd*S3/*S12	1	normal_metabolizer	2
dpyd*S3/*S5	1	normal_metabolizer	1.5
dpyd*S4/*9A	1	normal_metabolizer	2
dpyd*S4/*S12	1	normal_metabolizer	2
dpyd*S5/*6	1	normal_metabolizer	1.5
dpyd*S5/*DEL	1	intermediate_metabolizer	0.5
dpyd*S5/*S12	1	normal_metabolizer	1.5
dpyd*S8/*9A	1	normal_metabolizer	2
dpyd*S8/*S12	1	normal_metabolizer	2
dpyd*S9/*9A	2	normal_metabolizer	2
dpyd*S9/*S12	8	normal_metabolizer	2
dpyd*S9/*S9	2	normal_metabolizer	2
gstm1*1/*1	21	normal_metabolizer	2
gstm1*1/*2	62	intermediate_metabolizer	1
gstm1*1/*3	14	normal_metabolizer	2
gstm1*2/*2	102	poor_metabolizer	0
gstm1*2/*3	26	intermediate_metabolizer	1
gstm1*3/*3	5	normal_metabolizer	2
gstp1*1/*1	109	normal_metabolizer	2
gstp1*1/*2	79	unknown	unknown
gstp1*1/*3	7	unknown	unknown
gstp1*2/*2	31	unknown	unknown
gstp1*2/*3	4	unknown	unknown
gstt1*1/*1	53	normal_metabolizer	2
gstt1*1/*2	112	intermediate_metabolizer	1
gstt1*2/*2	65	poor_metabolizer	0
ifnl3./.	1	.	.
ifnl3*1/*1	118	favorable_response	2
ifnl3*1/*DEL	6	unfavorable_response	1
ifnl3*1/*S3	75	unfavorable_response	1
ifnl3*S3/*DEL	8	unfavorable_response	0
ifnl3*S3/*S3	22	unfavorable_response	0
nat1*1/*1	83	normal_metabolizer	2
nat1*1/*11	7	unknown	unknown
nat1*1/*14	4	normal_metabolizer	1.5
nat1*1/*15	1	intermediate_metabolizer	1
nat1*1/*27	1	normal_metabolizer	2
nat1*1/*3	91	unknown	unknown
nat1*3/*11	3	unknown	unknown
nat1*3/*14	1	unknown	unknown
nat1*3/*27	1	unknown	unknown
nat1*3/*3	38	unknown	unknown
nat2*1/*1	23	normal_metabolizer	2
nat2*1/*12	1	normal_metabolizer	2
nat2*1/*14	1	normal_metabolizer	1.5
nat2*1/*5	32	normal_metabolizer	1.5
nat2*1/*6	28	normal_metabolizer	1.5
nat2*1/*7	20	normal_metabolizer	1.5
nat2*12/*12	3	normal_metabolizer	2
nat2*12/*14	1	normal_metabolizer	1.5
nat2*13/*14	1	normal_metabolizer	1.5
nat2*5/*11	1	normal_metabolizer	1.5
nat2*5/*12	5	normal_metabolizer	1.5
nat2*5/*14	1	intermediate_metabolizer	1
nat2*5/*5	30	intermediate_metabolizer	1
nat2*5/*6	36	intermediate_metabolizer	1
nat2*5/*7	7	intermediate_metabolizer	1
nat2*6/*12	4	normal_metabolizer	1.5
nat2*6/*13	4	normal_metabolizer	1.5
nat2*6/*14	2	intermediate_metabolizer	1
nat2*6/*6	12	intermediate_metabolizer	1
nat2*6/*7	13	intermediate_metabolizer	1
nat2*7/*13	1	normal_metabolizer	1.5
nat2*7/*7	4	intermediate_metabolizer	1
nudt15*1/*1	188	normal_metabolizer	2
nudt15*1/*2	5	normal_metabolizer	1.25
nudt15*1/*3	25	normal_metabolizer	1.25
nudt15*1/*4	2	normal_metabolizer	1.25
nudt15*1/*5	1	normal_metabolizer	1.25
nudt15*1/*6	1	normal_metabolizer	1.25
nudt15*2/*2	1	intermediate_metabolizer	0.5
nudt15*3/*3	7	intermediate_metabolizer	0.5
por*1/*1	119	normal_metabolizer	2
por*1/*28	86	normal_metabolizer	1.5
por*1/*29	1	unknown	unknown
por*28/*28	23	intermediate_metabolizer	1
por*28/*DEL	1	intermediate_metabolizer	0.5
ryr1./.	1	.	.
ryr1*1/*1	227	normal_metabolizer	2
ryr1*1/*DEL	2	intermediate_metabolizer	1
slc15a2*1/*1	84	normal_metabolizer	2
slc15a2*1/*2	91	unknown	unknown
slc15a2*2/*2	55	unknown	unknown
slc22a2*1/*1	72	normal_metabolizer	2
slc22a2*1/*2	47	unknown	unknown
slc22a2*1/*3	35	unknown	unknown
slc22a2*1/*6	1	unknown	unknown
slc22a2*2/*2	26	unknown	unknown
slc22a2*2/*3	24	unknown	unknown
slc22a2*2/*4	4	unknown	unknown
slc22a2*2/*6	1	unknown	unknown
slc22a2*3/*3	15	unknown	unknown
slc22a2*3/*4	2	unknown	unknown
slc22a2*3/*7	1	unknown	unknown
slc22a2*S2/*3	2	unknown	unknown
slco1b1*1/*1	31	normal_function	2
slco1b1*1/*14	9	increased_function	2.5
slco1b1*1/*15	17	decreased_function	1.5
slco1b1*1/*17	4	decreased_function	1.5
slco1b1*1/*1B	58	normal_function	2
slco1b1*1/*21	1	unknown	unknown
slco1b1*1/*24	1	unknown	unknown
slco1b1*1/*27	1	unknown	unknown
slco1b1*1/*35	5	increased_function	2.5
slco1b1*1/*5	3	decreased_function	1.5
slco1b1*1/*DEL	1	poor_function	1
slco1b1*1/*S4	1	poor_function	1
slco1b1*14/*14	1	increased_function	3
slco1b1*14/*15	2	normal_function	2
slco1b1*14/*17	1	normal_function	2
slco1b1*15/*17	1	poor_function	1
slco1b1*15/*21	2	unknown	unknown
slco1b1*17/*17	1	poor_function	1
slco1b1*17/*DEL	1	poor_function	0.5
slco1b1*1B/*14	5	increased_function	2.5
slco1b1*1B/*15	10	decreased_function	1.5
slco1b1*1B/*17	6	decreased_function	1.5
slco1b1*1B/*1B	50	normal_function	2
slco1b1*1B/*1x2	1	increased_function	3
slco1b1*1B/*21	2	unknown	unknown
slco1b1*1B/*27	1	unknown	unknown
slco1b1*1B/*31	1	decreased_function	1.5
slco1b1*1B/*35	5	increased_function	2.5
slco1b1*1B/*S2	3	poor_function	1
slco1b1*1x2/*21	1	unknown	unknown
slco1b1*31/*31	2	poor_function	1
slco1b1*35/*35	1	increased_function	3
slco1b1*5/*35	1	normal_function	2
slco1b3*1/*1	26	normal_function	2
slco1b3*1/*S1	75	decreased_function	1.5
slco1b3*S1/*DEL	1	poor_function	0.5
slco1b3*S1/*S1	126	poor_function	1
slco1b3*S1/*S1x2	2	decreased_function	1.5
slco2b1*1/*1	135	normal_metabolizer	2
slco2b1*1/*S1	23	intermediate_metabolizer	1
slco2b1*1/*S464F	54	unknown	unknown
slco2b1*S1/*S1	1	poor_metabolizer	0
slco2b1*S1/*S464F	5	unknown	unknown
slco2b1*S464F/*S464F	12	unknown	unknown
sult1a1*1/*1	73	normal_metabolizer	2
sult1a1*1/*1x2	29	ultrarapid_metabolizer	3
sult1a1*1/*1x3	8	ultrarapid_metabolizer	4
sult1a1*1/*1x4	1	ultrarapid_metabolizer	5
sult1a1*1/*2	42	normal_metabolizer	1.5
sult1a1*1/*2x2	3	normal_metabolizer	2
sult1a1*1/*3x2	1	ultrarapid_metabolizer	3
sult1a1*1/*3x3	1	ultrarapid_metabolizer	4
sult1a1*1/*S1	1	intermediate_metabolizer	1
sult1a1*1x2/*1x2	6	ultrarapid_metabolizer	4
sult1a1*1x2/*1x3	4	ultrarapid_metabolizer	5
sult1a1*1x2/*2	17	rapid_metabolizer	2.5
sult1a1*1x2/*2x2	2	ultrarapid_metabolizer	3
sult1a1*1x2/*3	4	ultrarapid_metabolizer	3
sult1a1*1x3/*2	5	ultrarapid_metabolizer	3.5
sult1a1*1x5/*2x2	1	ultrarapid_metabolizer	6
sult1a1*2/*2	24	intermediate_metabolizer	1
sult1a1*2/*2x2	1	normal_metabolizer	1.5
sult1a1*2/*3	1	normal_metabolizer	1.5
sult1a1*2/*3x2	1	rapid_metabolizer	2.5
sult1a1*2x2/*3x2	1	ultrarapid_metabolizer	3
sult1a1*3/*3	1	normal_metabolizer	2
sult1a1*S1/*2	3	intermediate_metabolizer	0.5
tbxas1*1/*1	217	normal_metabolizer	2
tbxas1*1/*3	2	unknown	unknown
tbxas1*1/*5	3	normal_metabolizer	1.5
tbxas1*1/*6	1	normal_metabolizer	2
tbxas1*1/*7	6	normal_metabolizer	2
tbxas1*1/*8	1	normal_metabolizer	1.5
tpmt*1/*1	215	normal_metabolizer	2
tpmt*1/*24	1	unknown	unknown
tpmt*1/*3A	6	intermediate_metabolizer	1
tpmt*1/*3C	6	intermediate_metabolizer	1
tpmt*1/*8	2	unknown	unknown
ugt1a1*1/*1	52	normal_metabolizer	2
ugt1a1*1/*27	1	normal_metabolizer	1.5
ugt1a1*1/*28	42	normal_metabolizer	1.5
ugt1a1*1/*37	1	normal_metabolizer	1.5
ugt1a1*1/*6	9	normal_metabolizer	1.5
ugt1a1*1/*60	44	normal_metabolizer	1.5
ugt1a1*28/*28	22	intermediate_metabolizer	1
ugt1a1*28/*37	1	intermediate_metabolizer	1
ugt1a1*28/*60	30	intermediate_metabolizer	1
ugt1a1*37/*60	3	intermediate_metabolizer	1
ugt1a1*6/*28	5	intermediate_metabolizer	1
ugt1a1*6/*6	4	intermediate_metabolizer	1
ugt1a1*6/*60	4	intermediate_metabolizer	1
ugt1a1*60/*60	12	intermediate_metabolizer	1
ugt1a4./.	4	.	.
ugt1a4*1/*1	142	normal_metabolizer	2
ugt1a4*1/*2	2	unknown	unknown
ugt1a4*1/*3A	66	normal_metabolizer	1.5
ugt1a4*1/*4	3	unknown	unknown
ugt1a4*1/*S1	1	unknown	unknown
ugt1a4*2/*3A	2	unknown	unknown
ugt1a4*3A/*3A	9	intermediate_metabolizer	1
ugt1a4*3B/*3A	1	intermediate_metabolizer	1
ugt2b15*1/*1	20	normal_metabolizer	2
ugt2b15*1/*2	40	unknown	unknown
ugt2b15*1/*4	21	unknown	unknown
ugt2b15*1/*5	20	unknown	unknown
ugt2b15*2/*2	27	unknown	unknown
ugt2b15*2/*2x2	1	unknown	unknown
ugt2b15*2/*4	22	unknown	unknown
ugt2b15*2/*5	26	unknown	unknown
ugt2b15*2/*S2	1	unknown	unknown
ugt2b15*2x2/*5	1	unknown	unknown
ugt2b15*4/*4	11	unknown	unknown
ugt2b15*4/*5	20	unknown	unknown
ugt2b15*5/*5	18	unknown	unknown
ugt2b15*5/*6	1	unknown	unknown
ugt2b15*S1/*2	1	unknown	unknown
ugt2b17*1/*1	52	normal_metabolizer	2
ugt2b17*1/*2	84	intermediate_metabolizer	1
ugt2b17*2/*2	94	poor_metabolizer	0
ugt2b7*1/*1	91	normal_metabolizer	2
ugt2b7*1/*2	90	unknown	unknown
ugt2b7*1/*3	6	unknown	unknown
ugt2b7*2/*2	37	unknown	unknown
ugt2b7*2/*3	4	unknown	unknown
ugt2b7*2/*DEL	1	unknown	unknown
ugt2b7*3/*3	1	unknown	unknown
vkorc1*1/*1	6	normal_metabolizer	2
vkorc1*1/*2	3	unknown	unknown
vkorc1*1/*3	17	unknown	unknown
vkorc1*1/*4	1	unknown	unknown
vkorc1*2/*2	66	unknown	unknown
vkorc1*2/*3	51	unknown	unknown
vkorc1*2/*4	15	unknown	unknown
vkorc1*2/*DEL	3	unknown	unknown
vkorc1*3/*3	51	unknown	unknown
vkorc1*3/*4	14	unknown	unknown
vkorc1*3/*DEL	1	unknown	unknown
vkorc1*4/*4	2	unknown	unknown
