cacna1s*1/*1	2397	normal_metabolizer	2
cacna1s*1/*1x2	47	ultrarapid_metabolizer	3
cacna1s*1/*DEL	59	intermediate_metabolizer	1
cacna1s*1/*S5	1	intermediate_metabolizer	1
cftr*1/*1	2167	normal_metabolizer	2
cftr*1/*1x2	29	ultrarapid_metabolizer	3
cftr*1/*DEL	263	intermediate_metabolizer	1
cftr*1/*S11	19	unknown	unknown
cftr*1/*S17	1	unknown	unknown
cftr*1/*S18	2	unknown	unknown
cftr*1/*S28	6	unknown	unknown
cftr*1/*S34	1	unknown	unknown
cftr*1/*S37	1	intermediate_metabolizer	1
cftr*1/*S43	1	intermediate_metabolizer	1
cftr*1/*S44	1	intermediate_metabolizer	1
cftr*1/*S45	3	intermediate_metabolizer	1
cftr*1/*S46	1	intermediate_metabolizer	1
cftr*S11/*DEL	5	unknown	unknown
cftr*S11/*S11	1	unknown	unknown
cftr*S29/*DEL	1	unknown	unknown
cftr*S44/*DEL	1	poor_metabolizer	0
cftr*S45/*DEL	1	poor_metabolizer	0
cyp19a1*1/*1	1747	normal_metabolizer	2
cyp19a1*1/*1x2	1	ultrarapid_metabolizer	3
cyp19a1*1/*2	27	normal_metabolizer	1.5
cyp19a1*1/*3	110	unknown	unknown
cyp19a1*1/*4	508	normal_metabolizer	1.5
cyp19a1*2/*4	6	intermediate_metabolizer	1
cyp19a1*3/*3	4	unknown	unknown
cyp19a1*3/*4	15	unknown	unknown
cyp19a1*4/*4	85	intermediate_metabolizer	1
cyp19a1*4/*4x2	1	normal_metabolizer	1.5
cyp1a1./.	19	.	.
cyp1a1*1/*1	1114	normal_metabolizer	2
cyp1a1*1/*13	49	unknown	unknown
cyp1a1*1/*1x2	26	ultrarapid_metabolizer	3
cyp1a1*1/*2A	494	unknown	unknown
cyp1a1*1/*2B	302	unknown	unknown
cyp1a1*1/*2C	2	normal_metabolizer	2
cyp1a1*1/*4	51	unknown	unknown
cyp1a1*1/*5	5	unknown	unknown
cyp1a1*1/*DEL	46	intermediate_metabolizer	1
cyp1a1*10/*DEL	1	unknown	unknown
cyp1a1*13/*13	4	unknown	unknown
cyp1a1*13/*DEL	5	unknown	unknown
cyp1a1*2A/*12	1	unknown	unknown
cyp1a1*2A/*13	20	unknown	unknown
cyp1a1*2A/*2A	78	unknown	unknown
cyp1a1*2A/*2B	47	unknown	unknown
cyp1a1*2A/*4	4	unknown	unknown
cyp1a1*2A/*DEL	21	unknown	unknown
cyp1a1*2B/*13	35	unknown	unknown
cyp1a1*2B/*2A	38	unknown	unknown
cyp1a1*2B/*2B	92	unknown	unknown
cyp1a1*2B/*2Bx2	2	unknown	unknown
cyp1a1*2B/*4	3	unknown	unknown
cyp1a1*2B/*DEL	40	unknown	unknown
cyp1a1*4/*4	1	unknown	unknown
cyp1a1*4/*DEL	4	unknown	unknown
cyp1a2./.	5	.	.
cyp1a2*1/*1	355	normal_metabolizer	2
cyp1a2*1/*1C	2	unknown	unknown
cyp1a2*1/*1F	668	unknown	unknown
cyp1a2*1/*1K	1	normal_metabolizer	1.5
cyp1a2*1/*1L	344	unknown	unknown
cyp1a2*1/*1x2	1	ultrarapid_metabolizer	3
cyp1a2*1/*20	1	unknown	unknown
cyp1a2*1/*6	1	intermediate_metabolizer	1
cyp1a2*1/*DEL	21	intermediate_metabolizer	1
cyp1a2*1C/*1F	2	unknown	unknown
cyp1a2*1F/*1F	478	unknown	unknown
cyp1a2*1F/*1Fx2	4	unknown	unknown
cyp1a2*1F/*1L	171	unknown	unknown
cyp1a2*1F/*6	2	unknown	unknown
cyp1a2*1F/*DEL	84	unknown	unknown
cyp1a2*1K/*1F	2	unknown	unknown
cyp1a2*1L/*17	1	unknown	unknown
cyp1a2*1L/*1C	1	unknown	unknown
cyp1a2*1L/*1F	144	unknown	unknown
cyp1a2*1L/*1L	151	unknown	unknown
cyp1a2*1L/*6	1	unknown	unknown
cyp1a2*1L/*DEL	64	unknown	unknown
cyp1b1*1/*1	285	normal_metabolizer	2
cyp1b1*1/*2	270	unknown	unknown
cyp1b1*1/*3	172	unknown	unknown
cyp1b1*1/*4	81	unknown	unknown
cyp1b1*1/*5	2	unknown	unknown
cyp1b1*1/*6	24	unknown	unknown
cyp1b1*1/*7	3	unknown	unknown
cyp1b1*1/*DEL	60	intermediate_metabolizer	1
cyp1b1*1/*S3	1	intermediate_metabolizer	1
cyp1b1*2/*2	180	unknown	unknown
cyp1b1*2/*3	271	unknown	unknown
cyp1b1*2/*4	148	unknown	unknown
cyp1b1*2/*5	14	unknown	unknown
cyp1b1*2/*6	66	unknown	unknown
cyp1b1*2/*7	12	unknown	unknown
cyp1b1*2/*DEL	106	unknown	unknown
cyp1b1*3/*23	1	unknown	unknown
cyp1b1*3/*3	207	unknown	unknown
cyp1b1*3/*4	125	unknown	unknown
cyp1b1*3/*5	25	unknown	unknown
cyp1b1*3/*6	149	unknown	unknown
cyp1b1*3/*7	27	unknown	unknown
cyp1b1*3/*DEL	53	unknown	unknown
cyp1b1*4/*4	47	unknown	unknown
cyp1b1*4/*6	9	unknown	unknown
cyp1b1*4/*7	1	unknown	unknown
cyp1b1*4/*DEL	13	unknown	unknown
cyp1b1*5/*5	1	unknown	unknown
cyp1b1*5/*6	20	unknown	unknown
cyp1b1*5/*DEL	4	unknown	unknown
cyp1b1*6/*6	51	unknown	unknown
cyp1b1*6/*7	27	unknown	unknown
cyp1b1*6/*DEL	40	unknown	unknown
cyp1b1*7/*DEL	9	unknown	unknown
cyp26a1*1/*1	2234	normal_metabolizer	2
cyp26a1*1/*1x2	1	ultrarapid_metabolizer	3
cyp26a1*1/*2	58	unknown	unknown
cyp26a1*1/*DEL	207	intermediate_metabolizer	1
cyp26a1*2/*2	3	unknown	unknown
cyp26a1*2/*DEL	1	unknown	unknown
cyp2a13./.	1	.	.
cyp2a13*1/*1	2028	normal_metabolizer	2
cyp2a13*1/*1x2	5	ultrarapid_metabolizer	3
cyp2a13*1/*2	284	unknown	unknown
cyp2a13*1/*3	14	unknown	unknown
cyp2a13*1/*6	2	unknown	unknown
cyp2a13*1/*7	16	intermediate_metabolizer	1
cyp2a13*1/*8	80	unknown	unknown
cyp2a13*1/*DEL	11	intermediate_metabolizer	1
cyp2a13*2/*2	32	unknown	unknown
cyp2a13*2/*3	1	unknown	unknown
cyp2a13*2/*8	20	unknown	unknown
cyp2a13*2/*DEL	2	unknown	unknown
cyp2a13*6/*8	1	unknown	unknown
cyp2a13*7/*7	1	poor_metabolizer	0
cyp2a13*8/*8	6	unknown	unknown
cyp2a6./.	8	.	.
cyp2a6*1/*1	1298	normal_metabolizer	2
cyp2a6*1/*1+*S2	6	unknown	unknown
cyp2a6*1/*1+*S6	2	unknown	unknown
cyp2a6*1/*11	7	slow_metabolizer	1.5
cyp2a6*1/*12	58	slow_metabolizer	1.5
cyp2a6*1/*13	2	slow_metabolizer	1.5
cyp2a6*1/*14	53	unknown	unknown
cyp2a6*1/*15	10	slow_metabolizer	1.5
cyp2a6*1/*17	104	slow_metabolizer	1.5
cyp2a6*1/*18	41	slow_metabolizer	1.5
cyp2a6*1/*1x2	13	ultrarapid_metabolizer	3
cyp2a6*1/*2	39	slow_metabolizer	1
cyp2a6*1/*20	12	slow_metabolizer	1
cyp2a6*1/*21	16	slow_metabolizer	1.5
cyp2a6*1/*23	17	slow_metabolizer	1.5
cyp2a6*1/*25	5	unknown	unknown
cyp2a6*1/*26	4	slow_metabolizer	1.5
cyp2a6*1/*31	10	unknown	unknown
cyp2a6*1/*34	11	unknown	unknown
cyp2a6*1/*39	1	slow_metabolizer	1.5
cyp2a6*1/*4	170	slow_metabolizer	1
cyp2a6*1/*9	396	slow_metabolizer	1.5
cyp2a6*1/*S7	1	slow_metabolizer	1
cyp2a6*1+*S2/*12	1	unknown	unknown
cyp2a6*1+*S2/*14	1	unknown	unknown
cyp2a6*1+*S2/*15	1	unknown	unknown
cyp2a6*1+*S2/*17	1	unknown	unknown
cyp2a6*1+*S2/*2	2	unknown	unknown
cyp2a6*1+*S2/*23	1	unknown	unknown
cyp2a6*1+*S2/*34	1	unknown	unknown
cyp2a6*1+*S6/*18	1	unknown	unknown
cyp2a6*1+*S6/*2	1	unknown	unknown
cyp2a6*1+*S6/*4	1	unknown	unknown
cyp2a6*1+*S6/*9	1	unknown	unknown
cyp2a6*12/*12	1	slow_metabolizer	1
cyp2a6*12/*14	3	unknown	unknown
cyp2a6*12/*17	1	slow_metabolizer	1
cyp2a6*12/*18	1	slow_metabolizer	1
cyp2a6*12/*21	1	slow_metabolizer	1
cyp2a6*12/*23	1	slow_metabolizer	1
cyp2a6*14/*14	1	unknown	unknown
cyp2a6*14/*18	1	unknown	unknown
cyp2a6*14/*21	2	unknown	unknown
cyp2a6*17/*17	10	slow_metabolizer	1
cyp2a6*17/*18	2	slow_metabolizer	1
cyp2a6*17/*20	1	slow_metabolizer	0.5
cyp2a6*17/*23	6	slow_metabolizer	1
cyp2a6*17/*26	1	slow_metabolizer	1
cyp2a6*17/*31	2	unknown	unknown
cyp2a6*18/*34	1	unknown	unknown
cyp2a6*1x2/*4	4	normal_metabolizer	2
cyp2a6*2/*12	1	slow_metabolizer	0.5
cyp2a6*2/*4	1	poor_metabolizer	0
cyp2a6*2/*9	2	slow_metabolizer	0.5
cyp2a6*20/*25	1	unknown	unknown
cyp2a6*26/*31	1	unknown	unknown
cyp2a6*4/*14	1	unknown	unknown
cyp2a6*4/*15	2	slow_metabolizer	0.5
cyp2a6*4/*17	6	slow_metabolizer	0.5
cyp2a6*4/*18	4	slow_metabolizer	0.5
cyp2a6*4/*21	2	slow_metabolizer	0.5
cyp2a6*4/*25	2	unknown	unknown
cyp2a6*4/*4	10	poor_metabolizer	0
cyp2a6*4/*9	36	slow_metabolizer	0.5
cyp2a6*9/*11	1	slow_metabolizer	1
cyp2a6*9/*12	15	slow_metabolizer	1
cyp2a6*9/*14	5	unknown	unknown
cyp2a6*9/*17	13	slow_metabolizer	1
cyp2a6*9/*18	10	slow_metabolizer	1
cyp2a6*9/*21	2	slow_metabolizer	1
cyp2a6*9/*23	1	slow_metabolizer	1
cyp2a6*9/*25	2	unknown	unknown
cyp2a6*9/*26	1	slow_metabolizer	1
cyp2a6*9/*34	7	unknown	unknown
cyp2a6*9/*9	43	slow_metabolizer	1
cyp2b6./.	7	.	.
cyp2b6*1/*1	775	normal_metabolizer	2
cyp2b6*1/*10	8	unknown	unknown
cyp2b6*1/*11	3	unknown	unknown
cyp2b6*1/*15	2	unknown	unknown
cyp2b6*1/*18	47	intermediate_metabolizer	1
cyp2b6*1/*1x2	2	ultrarapid_metabolizer	3
cyp2b6*1/*2	118	normal_metabolizer	2
cyp2b6*1/*22	41	rapid_metabolizer	2.5
cyp2b6*1/*23	2	unknown	unknown
cyp2b6*1/*24	1	intermediate_metabolizer	1
cyp2b6*1/*29	3	normal_metabolizer	1.5
cyp2b6*1/*35	1	intermediate_metabolizer	1
cyp2b6*1/*5	128	normal_metabolizer	2
cyp2b6*1/*9	803	normal_metabolizer	1.5
cyp2b6*1/*DEL	2	intermediate_metabolizer	1
cyp2b6*10/*15	1	unknown	unknown
cyp2b6*10/*22	1	unknown	unknown
cyp2b6*11/*18	1	unknown	unknown
cyp2b6*18/*18	8	poor_metabolizer	0
cyp2b6*18/*22	3	normal_metabolizer	1.5
cyp2b6*18/*29	2	intermediate_metabolizer	0.5
cyp2b6*2/*10	1	unknown	unknown
cyp2b6*2/*12	1	intermediate_metabolizer	1
cyp2b6*2/*18	4	intermediate_metabolizer	1
cyp2b6*2/*2	6	normal_metabolizer	2
cyp2b6*2/*22	1	rapid_metabolizer	2.5
cyp2b6*2/*5	10	normal_metabolizer	2
cyp2b6*2/*9	65	normal_metabolizer	1.5
cyp2b6*22/*22	3	ultrarapid_metabolizer	3
cyp2b6*5/*10	2	unknown	unknown
cyp2b6*5/*11	1	unknown	unknown
cyp2b6*5/*15	3	unknown	unknown
cyp2b6*5/*18	1	intermediate_metabolizer	1
cyp2b6*5/*22	4	rapid_metabolizer	2.5
cyp2b6*5/*5	6	normal_metabolizer	2
cyp2b6*5/*9	77	normal_metabolizer	1.5
cyp2b6*5/*DEL	2	intermediate_metabolizer	1
cyp2b6*8/*9	4	intermediate_metabolizer	0.5
cyp2b6*9/*10	5	unknown	unknown
cyp2b6*9/*11	1	unknown	unknown
cyp2b6*9/*15	2	unknown	unknown
cyp2b6*9/*18	42	intermediate_metabolizer	0.5
cyp2b6*9/*22	24	normal_metabolizer	2
cyp2b6*9/*23	1	unknown	unknown
cyp2b6*9/*27	1	unknown	unknown
cyp2b6*9/*29	6	intermediate_metabolizer	1
cyp2b6*9/*35	1	intermediate_metabolizer	0.5
cyp2b6*9/*9	268	intermediate_metabolizer	1
cyp2b6*9/*DEL	3	intermediate_metabolizer	0.5
cyp2c19./.	13	.	.
cyp2c19*1/*1	836	normal_metabolizer	2
cyp2c19*1/*10	2	normal_metabolizer	1.5
cyp2c19*1/*13	15	normal_metabolizer	2
cyp2c19*1/*15	14	normal_metabolizer	2
cyp2c19*1/*17	445	rapid_metabolizer	2.5
cyp2c19*1/*1x2	7	ultrarapid_metabolizer	3
cyp2c19*1/*2	628	intermediate_metabolizer	1
cyp2c19*1/*24	1	intermediate_metabolizer	1
cyp2c19*1/*3	34	intermediate_metabolizer	1
cyp2c19*1/*30	1	unknown	unknown
cyp2c19*1/*34	5	unknown	unknown
cyp2c19*1/*35	16	intermediate_metabolizer	1
cyp2c19*1/*4	4	intermediate_metabolizer	1
cyp2c19*1/*8	4	intermediate_metabolizer	1
cyp2c19*1/*9	8	normal_metabolizer	1.5
cyp2c19*1/*DEL	21	intermediate_metabolizer	1
cyp2c19*13/*17	7	rapid_metabolizer	2.5
cyp2c19*13/*35	1	intermediate_metabolizer	1
cyp2c19*13/*DEL	1	intermediate_metabolizer	1
cyp2c19*15/*17	3	rapid_metabolizer	2.5
cyp2c19*15/*35	1	intermediate_metabolizer	1
cyp2c19*16/*35	1	intermediate_metabolizer	0.5
cyp2c19*17/*17	74	ultrarapid_metabolizer	3
cyp2c19*17/*22	1	normal_metabolizer	1.5
cyp2c19*17/*34	3	unknown	unknown
cyp2c19*17/*35	6	normal_metabolizer	1.5
cyp2c19*17/*DEL	5	normal_metabolizer	1.5
cyp2c19*2/*10	1	intermediate_metabolizer	0.5
cyp2c19*2/*13	3	intermediate_metabolizer	1
cyp2c19*2/*15	3	intermediate_metabolizer	1
cyp2c19*2/*17	130	normal_metabolizer	1.5
cyp2c19*2/*2	140	poor_metabolizer	0
cyp2c19*2/*3	26	poor_metabolizer	0
cyp2c19*2/*34	5	unknown	unknown
cyp2c19*2/*35	6	poor_metabolizer	0
cyp2c19*2/*9	1	intermediate_metabolizer	0.5
cyp2c19*2/*DEL	13	poor_metabolizer	0
cyp2c19*3/*17	5	normal_metabolizer	1.5
cyp2c19*3/*3	1	poor_metabolizer	0
cyp2c19*3/*DEL	3	poor_metabolizer	0
cyp2c19*35/*35	1	poor_metabolizer	0
cyp2c19*35/*DEL	3	poor_metabolizer	0
cyp2c19*8/*17	1	normal_metabolizer	1.5
cyp2c19*9/*13	1	normal_metabolizer	1.5
cyp2c19*9/*17	4	normal_metabolizer	2
cyp2c8./.	7	.	.
cyp2c8*1/*1	1844	normal_metabolizer	2
cyp2c8*1/*11	3	intermediate_metabolizer	1
cyp2c8*1/*14	1	normal_metabolizer	1.5
cyp2c8*1/*1x2	24	ultrarapid_metabolizer	3
cyp2c8*1/*2	204	normal_metabolizer	1.5
cyp2c8*1/*3	177	normal_metabolizer	1.5
cyp2c8*1/*4	65	normal_metabolizer	1.5
cyp2c8*1/*6	6	normal_metabolizer	2
cyp2c8*1/*DEL	94	intermediate_metabolizer	1
cyp2c8*2/*2	27	intermediate_metabolizer	1
cyp2c8*2/*3	5	intermediate_metabolizer	1
cyp2c8*2/*4	1	intermediate_metabolizer	1
cyp2c8*2/*DEL	9	intermediate_metabolizer	0.5
cyp2c8*3/*3	13	intermediate_metabolizer	1
cyp2c8*3/*4	6	intermediate_metabolizer	1
cyp2c8*3/*DEL	11	intermediate_metabolizer	0.5
cyp2c8*4/*4	2	intermediate_metabolizer	1
cyp2c8*4/*DEL	5	intermediate_metabolizer	0.5
cyp2c9./.	8	.	.
cyp2c9*1/*1	1728	normal_metabolizer	2
cyp2c9*1/*11	25	intermediate_metabolizer	1.5
cyp2c9*1/*12	4	intermediate_metabolizer	1.5
cyp2c9*1/*13	2	intermediate_metabolizer	1.5
cyp2c9*1/*14	10	unknown	unknown
cyp2c9*1/*16	1	unknown	unknown
cyp2c9*1/*1x2	20	ultrarapid_metabolizer	3
cyp2c9*1/*2	180	intermediate_metabolizer	1.5
cyp2c9*1/*29	2	unknown	unknown
cyp2c9*1/*3	201	intermediate_metabolizer	1.5
cyp2c9*1/*31	2	intermediate_metabolizer	1.5
cyp2c9*1/*33	1	unknown	unknown
cyp2c9*1/*44	1	unknown	unknown
cyp2c9*1/*45	1	unknown	unknown
cyp2c9*1/*5	16	intermediate_metabolizer	1.5
cyp2c9*1/*6	10	intermediate_metabolizer	1
cyp2c9*1/*7	6	unknown	unknown
cyp2c9*1/*8	61	intermediate_metabolizer	1.5
cyp2c9*1/*9	79	normal_metabolizer	2
cyp2c9*1/*DEL	56	intermediate_metabolizer	1
cyp2c9*11/*14	1	unknown	unknown
cyp2c9*11/*36	1	poor_metabolizer	0.5
cyp2c9*11/*DEL	4	poor_metabolizer	0.5
cyp2c9*13/*DEL	1	poor_metabolizer	0.5
cyp2c9*2/*2	14	intermediate_metabolizer	1
cyp2c9*2/*3	17	poor_metabolizer	1
cyp2c9*2/*44	1	unknown	unknown
cyp2c9*2/*9	2	intermediate_metabolizer	1.5
cyp2c9*2/*DEL	6	intermediate_metabolizer	0.5
cyp2c9*3/*14	4	unknown	unknown
cyp2c9*3/*29	1	unknown	unknown
cyp2c9*3/*3	5	poor_metabolizer	1
cyp2c9*3/*5	1	poor_metabolizer	1
cyp2c9*3/*7	1	unknown	unknown
cyp2c9*3/*DEL	4	poor_metabolizer	0.5
cyp2c9*5/*11	1	intermediate_metabolizer	1
cyp2c9*5/*6	1	poor_metabolizer	0.5
cyp2c9*5/*8	3	intermediate_metabolizer	1
cyp2c9*8/*9	7	intermediate_metabolizer	1.5
cyp2c9*8/*DEL	2	poor_metabolizer	0.5
cyp2c9*9/*11	3	intermediate_metabolizer	1.5
cyp2c9*9/*9	5	normal_metabolizer	2
cyp2c9*9/*DEL	5	intermediate_metabolizer	1
cyp2d6./.	287	.	.
cyp2d6*1/*1	194	normal_metabolizer	2
cyp2d6*1/*10	95	normal_metabolizer	1.25
cyp2d6*1/*106	1	unknown	unknown
cyp2d6*1/*111	3	unknown	unknown
cyp2d6*1/*112	1	unknown	unknown
cyp2d6*1/*113	1	unknown	unknown
cyp2d6*1/*117	1	unknown	unknown
cyp2d6*1/*13B	19	intermediate_metabolizer	1
cyp2d6*1/*13C	41	intermediate_metabolizer	1
cyp2d6*1/*14	2	normal_metabolizer	1.5
cyp2d6*1/*17	39	normal_metabolizer	1.5
cyp2d6*1/*1x2	6	ultrarapid_metabolizer	3
cyp2d6*1/*1x3	1	ultrarapid_metabolizer	4
cyp2d6*1/*2	165	normal_metabolizer	2
cyp2d6*1/*22	1	unknown	unknown
cyp2d6*1/*28	1	unknown	unknown
cyp2d6*1/*29	23	normal_metabolizer	1.5
cyp2d6*1/*3	6	intermediate_metabolizer	1
cyp2d6*1/*31	2	intermediate_metabolizer	1
cyp2d6*1/*33	3	normal_metabolizer	2
cyp2d6*1/*35	20	normal_metabolizer	2
cyp2d6*1/*39	2	normal_metabolizer	2
cyp2d6*1/*4	84	intermediate_metabolizer	1
cyp2d6*1/*40	4	intermediate_metabolizer	1
cyp2d6*1/*41	69	normal_metabolizer	1.5
cyp2d6*1/*43	5	unknown	unknown
cyp2d6*1/*45	10	normal_metabolizer	2
cyp2d6*1/*46	1	normal_metabolizer	2
cyp2d6*1/*4x3	2	intermediate_metabolizer	1
cyp2d6*1/*5	106	intermediate_metabolizer	1
cyp2d6*1/*6	10	intermediate_metabolizer	1
cyp2d6*1/*68+*4	17	intermediate_metabolizer	1
cyp2d6*1/*7	3	intermediate_metabolizer	1
cyp2d6*1/*86	6	unknown	unknown
cyp2d6*1/*9	9	normal_metabolizer	1.5
cyp2d6*1/*S1+*1	5	normal_metabolizer	2
cyp2d6*1/*S2+*1	2	normal_metabolizer	2
cyp2d6*10/*10	39	intermediate_metabolizer	0.5
cyp2d6*10/*10x2	1	intermediate_metabolizer	0.75
cyp2d6*10/*13B	4	intermediate_metabolizer	0.25
cyp2d6*10/*13C	25	intermediate_metabolizer	0.25
cyp2d6*10/*17	10	intermediate_metabolizer	0.75
cyp2d6*10/*29	5	intermediate_metabolizer	0.75
cyp2d6*10/*33	1	normal_metabolizer	1.25
cyp2d6*10/*40	2	intermediate_metabolizer	0.25
cyp2d6*10/*41	14	intermediate_metabolizer	0.75
cyp2d6*10/*43	1	unknown	unknown
cyp2d6*10/*45	2	normal_metabolizer	1.25
cyp2d6*10/*46	1	normal_metabolizer	1.25
cyp2d6*10/*68+*4	2	intermediate_metabolizer	0.25
cyp2d6*10/*86	1	unknown	unknown
cyp2d6*13A+*2/*17	1	normal_metabolizer	1.5
cyp2d6*13A+*2/*29	1	normal_metabolizer	1.5
cyp2d6*13B/*113	1	unknown	unknown
cyp2d6*13B/*17	1	intermediate_metabolizer	0.5
cyp2d6*13B/*35	1	intermediate_metabolizer	1
cyp2d6*13B/*41	7	intermediate_metabolizer	0.5
cyp2d6*13B/*43	2	unknown	unknown
cyp2d6*13B/*99	1	poor_metabolizer	0
cyp2d6*13C/*106	1	unknown	unknown
cyp2d6*13C/*111	2	unknown	unknown
cyp2d6*13C/*117	1	unknown	unknown
cyp2d6*13C/*125	1	unknown	unknown
cyp2d6*13C/*14	1	intermediate_metabolizer	0.5
cyp2d6*13C/*17	7	intermediate_metabolizer	0.5
cyp2d6*13C/*29	5	intermediate_metabolizer	0.5
cyp2d6*13C/*31	1	poor_metabolizer	0
cyp2d6*13C/*33	1	intermediate_metabolizer	1
cyp2d6*13C/*35	9	intermediate_metabolizer	1
cyp2d6*13C/*40	1	poor_metabolizer	0
cyp2d6*13C/*41	27	intermediate_metabolizer	0.5
cyp2d6*13C/*43	2	unknown	unknown
cyp2d6*13C/*45	1	intermediate_metabolizer	1
cyp2d6*13C/*46	2	intermediate_metabolizer	1
cyp2d6*13C/*59	1	intermediate_metabolizer	0.5
cyp2d6*13C/*68+*4	1	poor_metabolizer	0
cyp2d6*17/*106	1	unknown	unknown
cyp2d6*17/*125	1	unknown	unknown
cyp2d6*17/*17	20	intermediate_metabolizer	1
cyp2d6*17/*29	15	intermediate_metabolizer	1
cyp2d6*17/*35	1	normal_metabolizer	1.5
cyp2d6*17/*39	3	normal_metabolizer	1.5
cyp2d6*17/*40	1	intermediate_metabolizer	0.5
cyp2d6*17/*41	6	intermediate_metabolizer	1
cyp2d6*17/*43	4	unknown	unknown
cyp2d6*17/*45	10	normal_metabolizer	1.5
cyp2d6*17/*46	1	normal_metabolizer	1.5
cyp2d6*1x3/*10	1	ultrarapid_metabolizer	3.25
cyp2d6*2/*10	32	normal_metabolizer	1.25
cyp2d6*2/*106	2	unknown	unknown
cyp2d6*2/*111	1	unknown	unknown
cyp2d6*2/*113	2	unknown	unknown
cyp2d6*2/*125	1	unknown	unknown
cyp2d6*2/*13B	25	intermediate_metabolizer	1
cyp2d6*2/*13C	43	intermediate_metabolizer	1
cyp2d6*2/*17	24	normal_metabolizer	1.5
cyp2d6*2/*2	48	normal_metabolizer	2
cyp2d6*2/*22	1	unknown	unknown
cyp2d6*2/*28	1	unknown	unknown
cyp2d6*2/*29	5	normal_metabolizer	1.5
cyp2d6*2/*2x2	2	ultrarapid_metabolizer	3
cyp2d6*2/*3	5	intermediate_metabolizer	1
cyp2d6*2/*31	1	intermediate_metabolizer	1
cyp2d6*2/*35	7	normal_metabolizer	2
cyp2d6*2/*39	1	normal_metabolizer	2
cyp2d6*2/*4	44	intermediate_metabolizer	1
cyp2d6*2/*40	3	intermediate_metabolizer	1
cyp2d6*2/*41	44	normal_metabolizer	1.5
cyp2d6*2/*43	2	unknown	unknown
cyp2d6*2/*45	4	normal_metabolizer	2
cyp2d6*2/*46	1	normal_metabolizer	2
cyp2d6*2/*4x3	1	intermediate_metabolizer	1
cyp2d6*2/*5	73	intermediate_metabolizer	1
cyp2d6*2/*59	1	normal_metabolizer	1.5
cyp2d6*2/*6	4	intermediate_metabolizer	1
cyp2d6*2/*68+*4	12	intermediate_metabolizer	1
cyp2d6*2/*7	2	intermediate_metabolizer	1
cyp2d6*2/*71	1	unknown	unknown
cyp2d6*2/*86	5	unknown	unknown
cyp2d6*2/*9	3	normal_metabolizer	1.5
cyp2d6*2/*99	1	intermediate_metabolizer	1
cyp2d6*2/*S2+*1	8	normal_metabolizer	2
cyp2d6*28/*68+*4	1	unknown	unknown
cyp2d6*29/*106	2	unknown	unknown
cyp2d6*29/*125	1	unknown	unknown
cyp2d6*29/*29	1	intermediate_metabolizer	1
cyp2d6*29/*39	1	normal_metabolizer	1.5
cyp2d6*29/*41	1	intermediate_metabolizer	1
cyp2d6*29/*43	1	unknown	unknown
cyp2d6*29/*45	1	normal_metabolizer	1.5
cyp2d6*29/*68+*4	1	intermediate_metabolizer	0.5
cyp2d6*2x2/*13B	1	normal_metabolizer	2
cyp2d6*2x2/*83+*2	1	ultrarapid_metabolizer	3
cyp2d6*3/*111	1	unknown	unknown
cyp2d6*3/*13C	3	poor_metabolizer	0
cyp2d6*3/*17	1	intermediate_metabolizer	0.5
cyp2d6*3/*4	2	poor_metabolizer	0
cyp2d6*3/*5	4	poor_metabolizer	0
cyp2d6*33/*41	1	normal_metabolizer	1.5
cyp2d6*33/*68+*4	1	intermediate_metabolizer	1
cyp2d6*35/*117	1	unknown	unknown
cyp2d6*35/*35	1	normal_metabolizer	2
cyp2d6*35/*41	4	normal_metabolizer	1.5
cyp2d6*35/*68+*4	4	intermediate_metabolizer	1
cyp2d6*35/*86	1	unknown	unknown
cyp2d6*36+*10/*36+*10	18	intermediate_metabolizer	0.5
cyp2d6*39/*41	2	normal_metabolizer	1.5
cyp2d6*4/*10	5	intermediate_metabolizer	0.25
cyp2d6*4/*111	1	unknown	unknown
cyp2d6*4/*131	1	unknown	unknown
cyp2d6*4/*13B	5	poor_metabolizer	0
cyp2d6*4/*13C	30	poor_metabolizer	0
cyp2d6*4/*17	11	intermediate_metabolizer	0.5
cyp2d6*4/*29	3	intermediate_metabolizer	0.5
cyp2d6*4/*33	1	intermediate_metabolizer	1
cyp2d6*4/*35	8	intermediate_metabolizer	1
cyp2d6*4/*39	1	intermediate_metabolizer	1
cyp2d6*4/*4	18	poor_metabolizer	0
cyp2d6*4/*41	22	intermediate_metabolizer	0.5
cyp2d6*4/*43	1	unknown	unknown
cyp2d6*4/*4x2	4	poor_metabolizer	0
cyp2d6*4/*5	48	poor_metabolizer	0
cyp2d6*4/*59	1	intermediate_metabolizer	0.5
cyp2d6*4/*68+*4	10	poor_metabolizer	0
cyp2d6*4/*7	1	poor_metabolizer	0
cyp2d6*4/*86	1	unknown	unknown
cyp2d6*4/*9	3	intermediate_metabolizer	0.5
cyp2d6*41/*113	2	unknown	unknown
cyp2d6*41/*41	12	intermediate_metabolizer	1
cyp2d6*41/*43	1	unknown	unknown
cyp2d6*41/*45	1	normal_metabolizer	1.5
cyp2d6*41/*46	1	normal_metabolizer	1.5
cyp2d6*41/*68+*4	3	intermediate_metabolizer	0.5
cyp2d6*41/*86	1	unknown	unknown
cyp2d6*43/*45	1	unknown	unknown
cyp2d6*45/*106	1	unknown	unknown
cyp2d6*4N+*4/*13B	1	poor_metabolizer	0
cyp2d6*4N+*4/*5	14	poor_metabolizer	0
cyp2d6*4N+*4/*68+*4	1	poor_metabolizer	0
cyp2d6*5/*10	39	intermediate_metabolizer	0.25
cyp2d6*5/*106	2	unknown	unknown
cyp2d6*5/*131	1	unknown	unknown
cyp2d6*5/*13B	5	poor_metabolizer	0
cyp2d6*5/*13C	2	poor_metabolizer	0
cyp2d6*5/*14	1	intermediate_metabolizer	0.5
cyp2d6*5/*17	42	intermediate_metabolizer	0.5
cyp2d6*5/*29	30	intermediate_metabolizer	0.5
cyp2d6*5/*31	1	poor_metabolizer	0
cyp2d6*5/*33	2	intermediate_metabolizer	1
cyp2d6*5/*35	7	intermediate_metabolizer	1
cyp2d6*5/*36+*10	28	intermediate_metabolizer	0.25
cyp2d6*5/*39	2	intermediate_metabolizer	1
cyp2d6*5/*40	1	poor_metabolizer	0
cyp2d6*5/*41	25	intermediate_metabolizer	0.5
cyp2d6*5/*43	5	unknown	unknown
cyp2d6*5/*45	7	intermediate_metabolizer	1
cyp2d6*5/*46	2	intermediate_metabolizer	1
cyp2d6*5/*5	1	poor_metabolizer	0
cyp2d6*5/*56	1	poor_metabolizer	0
cyp2d6*5/*68+*4	2	poor_metabolizer	0
cyp2d6*5/*71	1	unknown	unknown
cyp2d6*5/*83+*2	35	intermediate_metabolizer	1
cyp2d6*5/*86	2	unknown	unknown
cyp2d6*5/*9	1	intermediate_metabolizer	0.5
cyp2d6*6/*13B	1	poor_metabolizer	0
cyp2d6*6/*13C	3	poor_metabolizer	0
cyp2d6*6/*35	1	intermediate_metabolizer	1
cyp2d6*6/*41	2	intermediate_metabolizer	0.5
cyp2d6*6/*9	1	intermediate_metabolizer	0.5
cyp2d6*68+*4/*117	1	unknown	unknown
cyp2d6*68+*4/*68+*4	5	poor_metabolizer	0
cyp2d6*9/*10	1	intermediate_metabolizer	0.75
cyp2d6*9/*13C	5	intermediate_metabolizer	0.5
cyp2d6*9/*35	3	normal_metabolizer	1.5
cyp2d6*9/*41	2	intermediate_metabolizer	1
cyp2d6*9/*68+*4	1	intermediate_metabolizer	0.5
cyp2d6*9/*9	1	intermediate_metabolizer	1
cyp2d6*S1+*1/*10	16	normal_metabolizer	1.25
cyp2d6*S1+*1/*13C	1	intermediate_metabolizer	1
cyp2d6*S1+*1/*14	1	normal_metabolizer	1.5
cyp2d6*S1+*1/*17	2	normal_metabolizer	1.5
cyp2d6*S1+*1/*2	3	normal_metabolizer	2
cyp2d6*S1+*1/*29	3	normal_metabolizer	1.5
cyp2d6*S1+*1/*3	1	intermediate_metabolizer	1
cyp2d6*S1+*1/*35	1	normal_metabolizer	2
cyp2d6*S1+*1/*36+*10	7	normal_metabolizer	1.25
cyp2d6*S1+*1/*41	3	normal_metabolizer	1.5
cyp2d6*S1+*1/*45	1	normal_metabolizer	2
cyp2d6*S1+*1/*5	4	intermediate_metabolizer	1
cyp2d6*S1+*1/*83+*2	1	normal_metabolizer	2
cyp2d6*S1+*1/*9	1	normal_metabolizer	1.5
cyp2d6*S2+*1/*10	2	normal_metabolizer	1.25
cyp2d6*S2+*1/*112	1	unknown	unknown
cyp2d6*S2+*1/*29	2	normal_metabolizer	1.5
cyp2d6*S2+*1/*4	1	intermediate_metabolizer	1
cyp2d6*S2+*1/*41	2	normal_metabolizer	1.5
cyp2d6*S2+*1/*7	1	intermediate_metabolizer	1
cyp2e1./.	153	.	.
cyp2e1*1/*1	834	normal_metabolizer	2
cyp2e1*1/*1x2	4	ultrarapid_metabolizer	3
cyp2e1*1/*2	2	normal_metabolizer	1.5
cyp2e1*1/*3	1	normal_metabolizer	2
cyp2e1*1/*4	1	normal_metabolizer	2
cyp2e1*1/*5	2	unknown	unknown
cyp2e1*1/*7	903	normal_metabolizer	1.5
cyp2e1*1/*7x3	1	rapid_metabolizer	2.5
cyp2e1*1/*S1	12	normal_metabolizer	1.5
cyp2e1*1x3/*7	1	ultrarapid_metabolizer	3.5
cyp2e1*2/*7	1	intermediate_metabolizer	1
cyp2e1*3/*7	1	normal_metabolizer	1.5
cyp2e1*5/*7	5	unknown	unknown
cyp2e1*7/*7	548	intermediate_metabolizer	1
cyp2e1*7/*7x2	15	normal_metabolizer	1.5
cyp2e1*7/*7x3	1	normal_metabolizer	2
cyp2e1*7/*7x4	2	rapid_metabolizer	2.5
cyp2e1*7/*DEL	1	intermediate_metabolizer	0.5
cyp2e1*S1/*7	16	intermediate_metabolizer	1
cyp2f1./.	12	.	.
cyp2f1*1/*1	863	normal_metabolizer	2
cyp2f1*1/*1x2	11	ultrarapid_metabolizer	3
cyp2f1*1/*2	673	intermediate_metabolizer	1
cyp2f1*1/*4	161	unknown	unknown
cyp2f1*1/*5	149	unknown	unknown
cyp2f1*1/*6	15	unknown	unknown
cyp2f1*1/*DEL	94	intermediate_metabolizer	1
cyp2f1*2/*2	205	poor_metabolizer	0
cyp2f1*2/*2x2	3	poor_metabolizer	0
cyp2f1*2/*4	68	unknown	unknown
cyp2f1*2/*5	74	unknown	unknown
cyp2f1*2/*6	3	unknown	unknown
cyp2f1*2/*DEL	101	poor_metabolizer	0
cyp2f1*4/*4	12	unknown	unknown
cyp2f1*4/*5	16	unknown	unknown
cyp2f1*4/*DEL	24	unknown	unknown
cyp2f1*5/*5	6	unknown	unknown
cyp2f1*5/*6	2	unknown	unknown
cyp2f1*5/*DEL	11	unknown	unknown
cyp2f1*6/*6	1	unknown	unknown
cyp2j2./.	2	.	.
cyp2j2*1/*1	2088	normal_metabolizer	2
cyp2j2*1/*1x2	7	ultrarapid_metabolizer	3
cyp2j2*1/*4	1	unknown	unknown
cyp2j2*1/*5	6	unknown	unknown
cyp2j2*1/*7	336	unknown	unknown
cyp2j2*1/*8	3	intermediate_metabolizer	1
cyp2j2*1/*9	3	unknown	unknown
cyp2j2*1/*DEL	31	intermediate_metabolizer	1
cyp2j2*1/*S1	2	intermediate_metabolizer	1
cyp2j2*5/*7	1	unknown	unknown
cyp2j2*5/*DEL	1	unknown	unknown
cyp2j2*7/*7	19	unknown	unknown
cyp2j2*7/*DEL	4	unknown	unknown
cyp2r1*1/*1	2422	normal_metabolizer	2
cyp2r1*1/*1x2	10	ultrarapid_metabolizer	3
cyp2r1*1/*2	7	unknown	unknown
cyp2r1*1/*DEL	65	intermediate_metabolizer	1
cyp2s1*1/*1	2078	normal_metabolizer	2
cyp2s1*1/*1x2	11	ultrarapid_metabolizer	3
cyp2s1*1/*2	1	unknown	unknown
cyp2s1*1/*3	74	unknown	unknown
cyp2s1*1/*4	1	unknown	unknown
cyp2s1*1/*DEL	324	intermediate_metabolizer	1
cyp2s1*2/*DEL	1	unknown	unknown
cyp2s1*3/*3	2	unknown	unknown
cyp2s1*3/*DEL	11	unknown	unknown
cyp2s1*4/*DEL	1	unknown	unknown
cyp2w1./.	72	.	.
cyp2w1*1/*1	862	normal_metabolizer	2
cyp2w1*1/*1x2	38	ultrarapid_metabolizer	3
cyp2w1*1/*2	112	unknown	unknown
cyp2w1*1/*4	23	unknown	unknown
cyp2w1*1/*6	347	unknown	unknown
cyp2w1*1/*DEL	505	intermediate_metabolizer	1
cyp2w1*2/*2	8	unknown	unknown
cyp2w1*2/*4	1	unknown	unknown
cyp2w1*2/*6	26	unknown	unknown
cyp2w1*2/*DEL	109	unknown	unknown
cyp2w1*4/*4	1	unknown	unknown
cyp2w1*4/*6	6	unknown	unknown
cyp2w1*4/*DEL	24	unknown	unknown
cyp2w1*6/*6	58	unknown	unknown
cyp2w1*6/*6x2	1	unknown	unknown
cyp2w1*6/*6x3	1	unknown	unknown
cyp2w1*6/*DEL	310	unknown	unknown
cyp3a4./.	3	.	.
cyp3a4*1/*1	1620	normal_metabolizer	2
cyp3a4*1/*10	7	unknown	unknown
cyp3a4*1/*11	1	normal_metabolizer	1.5
cyp3a4*1/*12	1	normal_metabolizer	1.5
cyp3a4*1/*16	4	normal_metabolizer	1.5
cyp3a4*1/*18	10	unknown	unknown
cyp3a4*1/*19	2	unknown	unknown
cyp3a4*1/*1B	336	unknown	unknown
cyp3a4*1/*1x2	14	ultrarapid_metabolizer	3
cyp3a4*1/*2	2	unknown	unknown
cyp3a4*1/*21	1	unknown	unknown
cyp3a4*1/*22	67	normal_metabolizer	1.5
cyp3a4*1/*23	1	unknown	unknown
cyp3a4*1/*3	2	unknown	unknown
cyp3a4*1/*4	5	unknown	unknown
cyp3a4*1/*5	2	unknown	unknown
cyp3a4*1/*7	2	unknown	unknown
cyp3a4*1/*8	1	normal_metabolizer	1.5
cyp3a4*1/*9	1	unknown	unknown
cyp3a4*1/*DEL	8	intermediate_metabolizer	1
cyp3a4*10/*22	1	unknown	unknown
cyp3a4*1B/*10	1	unknown	unknown
cyp3a4*1B/*11	1	unknown	unknown
cyp3a4*1B/*12	5	unknown	unknown
cyp3a4*1B/*18	1	unknown	unknown
cyp3a4*1B/*1B	393	unknown	unknown
cyp3a4*1B/*1Bx2	1	unknown	unknown
cyp3a4*1B/*22	5	unknown	unknown
cyp3a4*1B/*23	3	unknown	unknown
cyp3a4*1B/*3	1	unknown	unknown
cyp3a4*1B/*DEL	1	unknown	unknown
cyp3a4*22/*22	1	intermediate_metabolizer	1
cyp3a43./.	2	.	.
cyp3a43*1/*1	1743	normal_metabolizer	2
cyp3a43*1/*1B	118	unknown	unknown
cyp3a43*1/*1x2	8	ultrarapid_metabolizer	3
cyp3a43*1/*2A	76	intermediate_metabolizer	1
cyp3a43*1/*2B	251	intermediate_metabolizer	1
cyp3a43*1/*3	111	unknown	unknown
cyp3a43*1/*DEL	25	intermediate_metabolizer	1
cyp3a43*1B/*1B	8	unknown	unknown
cyp3a43*1B/*2A	3	unknown	unknown
cyp3a43*1B/*2B	5	unknown	unknown
cyp3a43*1B/*3	7	unknown	unknown
cyp3a43*1B/*DEL	3	unknown	unknown
cyp3a43*2A/*2A	4	poor_metabolizer	0
cyp3a43*2A/*2B	8	poor_metabolizer	0
cyp3a43*2A/*3	8	unknown	unknown
cyp3a43*2A/*DEL	1	poor_metabolizer	0
cyp3a43*2B/*2A	7	poor_metabolizer	0
cyp3a43*2B/*2B	48	poor_metabolizer	0
cyp3a43*2B/*3	41	unknown	unknown
cyp3a43*2B/*DEL	6	poor_metabolizer	0
cyp3a43*3/*3	17	unknown	unknown
cyp3a43*3/*DEL	4	unknown	unknown
cyp3a5./.	7	.	.
cyp3a5*1/*1	320	normal_metabolizer	2
cyp3a5*1/*1x2	1	ultrarapid_metabolizer	3
cyp3a5*1/*3	675	intermediate_metabolizer	1
cyp3a5*1/*6	110	intermediate_metabolizer	1
cyp3a5*1/*7	79	intermediate_metabolizer	1
cyp3a5*3/*3	1160	poor_metabolizer	0
cyp3a5*3/*3x2	10	poor_metabolizer	0
cyp3a5*3/*6	49	poor_metabolizer	0
cyp3a5*3/*7	27	poor_metabolizer	0
cyp3a5*3/*DEL	8	poor_metabolizer	0
cyp3a5*6/*6	17	poor_metabolizer	0
cyp3a5*6/*7	28	poor_metabolizer	0
cyp3a5*6/*DEL	1	poor_metabolizer	0
cyp3a5*7/*7	11	poor_metabolizer	0
cyp3a5*7/*DEL	1	poor_metabolizer	0
cyp3a7./.	6	.	.
cyp3a7*1/*1	1185	normal_metabolizer	2
cyp3a7*1/*1B	6	unknown	unknown
cyp3a7*1/*1D	21	unknown	unknown
cyp3a7*1/*1E	87	unknown	unknown
cyp3a7*1/*1x2	5	ultrarapid_metabolizer	3
cyp3a7*1/*2	796	unknown	unknown
cyp3a7*1B/*2	1	unknown	unknown
cyp3a7*1D/*1D	1	unknown	unknown
cyp3a7*1D/*2	17	unknown	unknown
cyp3a7*1E/*1E	13	unknown	unknown
cyp3a7*1E/*2	82	unknown	unknown
cyp3a7*2/*2	282	unknown	unknown
cyp3a7*2/*2x2	2	unknown	unknown
cyp4b1./.	39	.	.
cyp4b1*1/*1	774	normal_metabolizer	2
cyp4b1*1/*1x2	23	ultrarapid_metabolizer	3
cyp4b1*1/*2	358	intermediate_metabolizer	1
cyp4b1*1/*3	447	unknown	unknown
cyp4b1*1/*4	11	unknown	unknown
cyp4b1*1/*5	225	unknown	unknown
cyp4b1*1/*DEL	1	intermediate_metabolizer	1
cyp4b1*1/*S1	43	intermediate_metabolizer	1
cyp4b1*2/*2	71	poor_metabolizer	0
cyp4b1*2/*2x2	3	poor_metabolizer	0
cyp4b1*2/*3	105	unknown	unknown
cyp4b1*2/*4	3	unknown	unknown
cyp4b1*2/*5	40	unknown	unknown
cyp4b1*2/*DEL	1	poor_metabolizer	0
cyp4b1*3/*3	75	unknown	unknown
cyp4b1*3/*3x2	1	unknown	unknown
cyp4b1*3/*4	2	unknown	unknown
cyp4b1*3/*5	73	unknown	unknown
cyp4b1*3/*DEL	3	unknown	unknown
cyp4b1*5/*5	128	unknown	unknown
cyp4b1*5/*5x2	5	unknown	unknown
cyp4b1*5/*DEL	1	unknown	unknown
cyp4b1*S1/*2	4	poor_metabolizer	0
cyp4b1*S1/*3	14	unknown	unknown
cyp4b1*S1/*4	1	unknown	unknown
cyp4b1*S1/*5	50	unknown	unknown
cyp4b1*S1/*S1	3	poor_metabolizer	0
cyp4f2./.	5	.	.
cyp4f2*1/*1	1284	normal_metabolizer	2
cyp4f2*1/*1x2	2	ultrarapid_metabolizer	3
cyp4f2*1/*2	192	normal_metabolizer	2
cyp4f2*1/*3	769	normal_metabolizer	1.5
cyp4f2*1/*S1	7	intermediate_metabolizer	1
cyp4f2*2/*2	25	normal_metabolizer	2
cyp4f2*2/*3	27	normal_metabolizer	1.5
cyp4f2*3/*3	191	intermediate_metabolizer	1
cyp4f2*S1/*3	2	intermediate_metabolizer	0.5
dpyd./.	431	.	.
dpyd*1/*1	58	normal_metabolizer	2
dpyd*1/*1x2	15	ultrarapid_metabolizer	3
dpyd*1/*1x3	2	ultrarapid_metabolizer	4
dpyd*1/*4	8	normal_metabolizer	2
dpyd*1/*5	121	normal_metabolizer	2
dpyd*1/*5x3	4	ultrarapid_metabolizer	4
dpyd*1/*6	20	normal_metabolizer	2
dpyd*1/*6x3	1	ultrarapid_metabolizer	4
dpyd*1/*9A	128	normal_metabolizer	2
dpyd*1/*9Ax3	1	ultrarapid_metabolizer	4
dpyd*1/*DEL	13	intermediate_metabolizer	1
dpyd*1/*S12	175	normal_metabolizer	2
dpyd*1/*S12x3	5	ultrarapid_metabolizer	4
dpyd*1/*S2	1	normal_metabolizer	1.5
dpyd*1/*S3	12	normal_metabolizer	2
dpyd*1/*S34	1	normal_metabolizer	1.5
dpyd*1/*S4	6	normal_metabolizer	2
dpyd*1/*S5	6	normal_metabolizer	1.5
dpyd*1/*S6	5	normal_metabolizer	1.5
dpyd*1/*S8	5	normal_metabolizer	2
dpyd*1/*S9	14	normal_metabolizer	2
dpyd*1x3/*5	2	ultrarapid_metabolizer	4
dpyd*1x3/*6	1	ultrarapid_metabolizer	4
dpyd*1x3/*9A	5	ultrarapid_metabolizer	4
dpyd*1x3/*S12	4	ultrarapid_metabolizer	4
dpyd*1x3/*S4	1	ultrarapid_metabolizer	4
dpyd*1x3/*S9	1	ultrarapid_metabolizer	4
dpyd*2/*2x2	1	poor_metabolizer	0
dpyd*2/*5	1	intermediate_metabolizer	1
dpyd*2/*9A	1	intermediate_metabolizer	1
dpyd*2/*DEL	2	poor_metabolizer	0
dpyd*2/*S12	5	intermediate_metabolizer	1
dpyd*4/*4	1	normal_metabolizer	2
dpyd*4/*5	6	normal_metabolizer	2
dpyd*4/*5x3	2	ultrarapid_metabolizer	4
dpyd*4/*9A	5	normal_metabolizer	2
dpyd*4/*DEL	3	intermediate_metabolizer	1
dpyd*4/*S12	7	normal_metabolizer	2
dpyd*4/*S5	1	normal_metabolizer	1.5
dpyd*5/*5	56	normal_metabolizer	2
dpyd*5/*5x2	30	ultrarapid_metabolizer	3
dpyd*5/*5x3	8	ultrarapid_metabolizer	4
dpyd*5/*6	23	normal_metabolizer	2
dpyd*5/*9A	83	normal_metabolizer	2
dpyd*5/*9Ax3	2	ultrarapid_metabolizer	4
dpyd*5/*DEL	69	intermediate_metabolizer	1
dpyd*5/*S10	1	normal_metabolizer	2
dpyd*5/*S12	157	normal_metabolizer	2
dpyd*5/*S12x3	9	ultrarapid_metabolizer	4
dpyd*5/*S5	5	normal_metabolizer	1.5
dpyd*5/*S56	1	normal_metabolizer	1.5
dpyd*5/*S6	6	normal_metabolizer	1.5
dpyd*5/*S72	1	normal_metabolizer	2
dpyd*5/*S8	4	normal_metabolizer	2
dpyd*5/*S9	14	normal_metabolizer	2
dpyd*5x3/*6	1	ultrarapid_metabolizer	4
dpyd*5x3/*9A	4	ultrarapid_metabolizer	4
dpyd*5x3/*S12	5	ultrarapid_metabolizer	4
dpyd*6/*6	5	normal_metabolizer	2
dpyd*6/*6x2	1	ultrarapid_metabolizer	3
dpyd*6/*9A	24	normal_metabolizer	2
dpyd*6/*9Ax3	1	ultrarapid_metabolizer	4
dpyd*6/*DEL	8	intermediate_metabolizer	1
dpyd*6/*S12	27	normal_metabolizer	2
dpyd*6/*S12x3	1	ultrarapid_metabolizer	4
dpyd*6/*S56	1	normal_metabolizer	1.5
dpyd*6/*S6	2	normal_metabolizer	1.5
dpyd*6/*S9	3	normal_metabolizer	2
dpyd*6x3/*9A	1	ultrarapid_metabolizer	4
dpyd*6x3/*S12	1	ultrarapid_metabolizer	4
dpyd*9A/*9A	89	normal_metabolizer	2
dpyd*9A/*9Ax2	21	ultrarapid_metabolizer	3
dpyd*9A/*9Ax3	5	ultrarapid_metabolizer	4
dpyd*9A/*DEL	60	intermediate_metabolizer	1
dpyd*9A/*S10	4	normal_metabolizer	2
dpyd*9A/*S12	203	normal_metabolizer	2
dpyd*9A/*S12x3	6	ultrarapid_metabolizer	4
dpyd*9A/*S14	1	intermediate_metabolizer	1
dpyd*9A/*S22	1	normal_metabolizer	1.5
dpyd*9A/*S28	1	normal_metabolizer	2
dpyd*9A/*S56	1	normal_metabolizer	1.5
dpyd*9A/*S72	2	normal_metabolizer	2
dpyd*9A/*S74x3	1	ultrarapid_metabolizer	4
dpyd*9A/*S9	7	normal_metabolizer	2
dpyd*9Ax3/*S12	2	ultrarapid_metabolizer	4
dpyd*S10/*S12	1	normal_metabolizer	2
dpyd*S12/*DEL	92	intermediate_metabolizer	1
dpyd*S12/*S12	139	normal_metabolizer	2
dpyd*S12/*S12x2	54	ultrarapid_metabolizer	3
dpyd*S12/*S12x3	4	ultrarapid_metabolizer	4
dpyd*S12/*S46	1	intermediate_metabolizer	1
dpyd*S12/*S72	1	normal_metabolizer	2
dpyd*S2/*DEL	2	intermediate_metabolizer	0.5
dpyd*S2/*S12	5	normal_metabolizer	1.5
dpyd*S2/*S5	1	intermediate_metabolizer	1
dpyd*S22/*DEL	1	intermediate_metabolizer	0.5
dpyd*S3/*4	1	normal_metabolizer	2
dpyd*S3/*5	5	normal_metabolizer	2
dpyd*S3/*6	2	normal_metabolizer	2
dpyd*S3/*9A	2	normal_metabolizer	2
dpyd*S3/*DEL	5	intermediate_metabolizer	1
dpyd*S3/*S12	8	normal_metabolizer	2
dpyd*S3/*S3	2	normal_metabolizer	2
dpyd*S3/*S4	3	normal_metabolizer	2
dpyd*S31/*DEL	1	intermediate_metabolizer	1
dpyd*S3x3/*5	1	ultrarapid_metabolizer	4
dpyd*S3x3/*9A	1	ultrarapid_metabolizer	4
dpyd*S4/*5	2	normal_metabolizer	2
dpyd*S4/*9A	10	normal_metabolizer	2
dpyd*S4/*DEL	1	intermediate_metabolizer	1
dpyd*S4/*S12	7	normal_metabolizer	2
dpyd*S4/*S72	1	normal_metabolizer	2
dpyd*S5/*6	4	normal_metabolizer	1.5
dpyd*S5/*9A	1	normal_metabolizer	1.5
dpyd*S5/*DEL	5	intermediate_metabolizer	0.5
dpyd*S5/*S12	8	normal_metabolizer	1.5
dpyd*S5/*S12x3	1	ultrarapid_metabolizer	3.5
dpyd*S5/*S5	1	intermediate_metabolizer	1
dpyd*S6/*9A	6	normal_metabolizer	1.5
dpyd*S6/*DEL	2	intermediate_metabolizer	0.5
dpyd*S6/*S12	5	normal_metabolizer	1.5
dpyd*S8/*9A	8	normal_metabolizer	2
dpyd*S8/*DEL	3	intermediate_metabolizer	1
dpyd*S8/*S12	4	normal_metabolizer	2
dpyd*S9/*9A	2	normal_metabolizer	2
dpyd*S9/*9Ax3	1	ultrarapid_metabolizer	4
dpyd*S9/*DEL	16	intermediate_metabolizer	1
dpyd*S9/*S12	34	normal_metabolizer	2
dpyd*S9/*S12x3	4	ultrarapid_metabolizer	4
dpyd*S9/*S9	2	normal_metabolizer	2
dpyd*S9/*S9x2	4	ultrarapid_metabolizer	3
dpyd*S9x3/*S12	1	ultrarapid_metabolizer	4
g6pd./.	18	.	.
g6pd*1/*1	904	normal_metabolizer	2
g6pd*1/*10	3	normal_metabolizer	1.1
g6pd*1/*155	1	normal_metabolizer	1.5
g6pd*1/*156	1	normal_metabolizer	1.5
g6pd*1/*168	1	normal_metabolizer	1.5
g6pd*1/*171	2	normal_metabolizer	1.5
g6pd*1/*179	4	unknown	unknown
g6pd*1/*185	1	normal_metabolizer	2
g6pd*1/*1x2	45	ultrarapid_metabolizer	3
g6pd*1/*2	88	normal_metabolizer	2
g6pd*1/*21	1	normal_metabolizer	1.5
g6pd*1/*28	2	normal_metabolizer	1.1
g6pd*1/*29	1	normal_metabolizer	1.5
g6pd*1/*3	57	normal_metabolizer	1.5
g6pd*1/*46	1	normal_metabolizer	1.5
g6pd*1/*49	1	normal_metabolizer	1.5
g6pd*1/*5	3	normal_metabolizer	1.5
g6pd*1/*50	1	normal_metabolizer	1.1
g6pd*1/*51	3	normal_metabolizer	1.1
g6pd*1/*8	2	normal_metabolizer	1.1
g6pd*1/*DEL	1182	intermediate_metabolizer	1
g6pd*179/*DEL	2	unknown	unknown
g6pd*185/*DEL	2	intermediate_metabolizer	1
g6pd*2/*2	11	normal_metabolizer	2
g6pd*2/*2x2	1	ultrarapid_metabolizer	3
g6pd*2/*3	13	normal_metabolizer	1.5
g6pd*2/*5	4	normal_metabolizer	1.5
g6pd*2/*7	1	normal_metabolizer	1.5
g6pd*2/*DEL	66	intermediate_metabolizer	1
g6pd*22/*DEL	1	intermediate_metabolizer	0.1
g6pd*26/*DEL	1	intermediate_metabolizer	0.5
g6pd*28/*DEL	3	intermediate_metabolizer	0.1
g6pd*29/*DEL	6	intermediate_metabolizer	0.5
g6pd*3/*3	5	intermediate_metabolizer	1
g6pd*3/*DEL	54	intermediate_metabolizer	0.5
g6pd*5/*DEL	5	intermediate_metabolizer	0.5
g6pd*50/*DEL	1	intermediate_metabolizer	0.1
g6pd*51/*DEL	3	intermediate_metabolizer	0.1
g6pd*8/*DEL	3	intermediate_metabolizer	0.1
gstm1./.	1	.	.
gstm1*1/*2	1121	intermediate_metabolizer	1
gstm1*2/*3	1382	intermediate_metabolizer	1
gstp1./.	10	.	.
gstp1*1/*1	989	normal_metabolizer	2
gstp1*1/*1x2	3	ultrarapid_metabolizer	3
gstp1*1/*2	882	unknown	unknown
gstp1*1/*3	102	unknown	unknown
gstp1*1/*DEL	95	intermediate_metabolizer	1
gstp1*2/*2	274	unknown	unknown
gstp1*2/*2x2	5	unknown	unknown
gstp1*2/*3	44	unknown	unknown
gstp1*2/*DEL	81	unknown	unknown
gstp1*3/*3	3	unknown	unknown
gstp1*3/*DEL	16	unknown	unknown
gstt1./.	1	.	.
gstt1*1/*2	2500	intermediate_metabolizer	1
gstt1*2/*3	3	poor_metabolizer	0
ifnl3./.	4	.	.
ifnl3*1/*1	895	favorable_response	2
ifnl3*1/*DEL	327	unfavorable_response	1
ifnl3*1/*S3	655	unfavorable_response	1
ifnl3*S3/*DEL	377	unfavorable_response	0
ifnl3*S3/*S3	246	unfavorable_response	0
nat1./.	2	.	.
nat1*1/*1	778	normal_metabolizer	2
nat1*1/*10	1019	unknown	unknown
nat1*1/*11	55	unknown	unknown
nat1*1/*14	17	normal_metabolizer	1.5
nat1*1/*15	10	intermediate_metabolizer	1
nat1*1/*17	4	normal_metabolizer	1.5
nat1*1/*22	4	normal_metabolizer	1.5
nat1*1/*27	8	normal_metabolizer	2
nat1*1/*3	61	unknown	unknown
nat1*1/*30	1	unknown	unknown
nat1*1/*DEL	7	intermediate_metabolizer	1
nat1*10/*10	413	unknown	unknown
nat1*10/*10x2	1	unknown	unknown
nat1*10/*11	21	unknown	unknown
nat1*10/*14	9	unknown	unknown
nat1*10/*15	3	unknown	unknown
nat1*10/*17	2	unknown	unknown
nat1*10/*22	1	unknown	unknown
nat1*10/*27	10	unknown	unknown
nat1*10/*DEL	26	unknown	unknown
nat1*11/*11	3	unknown	unknown
nat1*11/*14	1	unknown	unknown
nat1*14/*DEL	1	intermediate_metabolizer	0.5
nat1*15/*22	1	intermediate_metabolizer	0.5
nat1*27/*DEL	1	intermediate_metabolizer	1
nat1*3/*10	41	unknown	unknown
nat1*3/*11	1	unknown	unknown
nat1*3/*3	3	unknown	unknown
nat2./.	13	.	.
nat2*1/*1	233	normal_metabolizer	2
nat2*1/*10	1	normal_metabolizer	1.5
nat2*1/*12	20	normal_metabolizer	2
nat2*1/*13	29	normal_metabolizer	2
nat2*1/*14	17	normal_metabolizer	1.5
nat2*1/*1x2	1	ultrarapid_metabolizer	3
nat2*1/*5	289	normal_metabolizer	1.5
nat2*1/*6	272	normal_metabolizer	1.5
nat2*1/*7	123	normal_metabolizer	1.5
nat2*1/*DEL	25	intermediate_metabolizer	1
nat2*12/*12	6	normal_metabolizer	2
nat2*12/*13	14	normal_metabolizer	2
nat2*12/*14	21	normal_metabolizer	1.5
nat2*12/*DEL	3	intermediate_metabolizer	1
nat2*13/*13	8	normal_metabolizer	2
nat2*13/*14	15	normal_metabolizer	1.5
nat2*13/*DEL	3	intermediate_metabolizer	1
nat2*14/*14	7	intermediate_metabolizer	1
nat2*14/*DEL	5	intermediate_metabolizer	0.5
nat2*5/*11	1	normal_metabolizer	1.5
nat2*5/*12	57	normal_metabolizer	1.5
nat2*5/*13	33	normal_metabolizer	1.5
nat2*5/*14	24	intermediate_metabolizer	1
nat2*5/*5	264	intermediate_metabolizer	1
nat2*5/*5x2	1	normal_metabolizer	1.5
nat2*5/*6	352	intermediate_metabolizer	1
nat2*5/*7	56	intermediate_metabolizer	1
nat2*5/*DEL	83	intermediate_metabolizer	0.5
nat2*6/*12	27	normal_metabolizer	1.5
nat2*6/*13	47	normal_metabolizer	1.5
nat2*6/*14	27	intermediate_metabolizer	1
nat2*6/*6	196	intermediate_metabolizer	1
nat2*6/*7	95	intermediate_metabolizer	1
nat2*6/*DEL	71	intermediate_metabolizer	0.5
nat2*7/*12	7	normal_metabolizer	1.5
nat2*7/*13	3	normal_metabolizer	1.5
nat2*7/*14	7	intermediate_metabolizer	1
nat2*7/*7	26	intermediate_metabolizer	1
nat2*7/*DEL	22	intermediate_metabolizer	0.5
nudt15*1/*1	2203	normal_metabolizer	2
nudt15*1/*15	1	unknown	unknown
nudt15*1/*1x2	1	ultrarapid_metabolizer	3
nudt15*1/*2	53	normal_metabolizer	1.25
nudt15*1/*3	111	normal_metabolizer	1.25
nudt15*1/*4	6	normal_metabolizer	1.25
nudt15*1/*5	14	normal_metabolizer	1.25
nudt15*1/*6	20	normal_metabolizer	1.25
nudt15*1/*DEL	74	intermediate_metabolizer	1
nudt15*2/*3	7	intermediate_metabolizer	0.5
nudt15*2/*5	1	intermediate_metabolizer	0.5
nudt15*3/*3	6	intermediate_metabolizer	0.5
nudt15*3/*6	1	intermediate_metabolizer	0.5
nudt15*3/*DEL	6	intermediate_metabolizer	0.25
por./.	1	.	.
por*1/*1	1193	normal_metabolizer	2
por*1/*1x2	1	ultrarapid_metabolizer	3
por*1/*28	930	normal_metabolizer	1.5
por*1/*42	1	unknown	unknown
por*1/*45	1	unknown	unknown
por*1/*DEL	84	intermediate_metabolizer	1
por*11/*28	2	intermediate_metabolizer	1
por*2/*28	1	intermediate_metabolizer	0.5
por*28/*28	187	intermediate_metabolizer	1
por*28/*28x2	1	normal_metabolizer	1.5
por*28/*45	1	unknown	unknown
por*28/*DEL	99	intermediate_metabolizer	0.5
por*S1/*28	2	unknown	unknown
ryr1./.	1	.	.
ryr1*1/*1	2215	normal_metabolizer	2
ryr1*1/*1x2	8	ultrarapid_metabolizer	3
ryr1*1/*DEL	279	intermediate_metabolizer	1
ryr1*1/*S17	1	rapid_metabolizer	2.5
slc15a2./.	9	.	.
slc15a2*1/*1	781	normal_metabolizer	2
slc15a2*1/*1x2	2	ultrarapid_metabolizer	3
slc15a2*1/*2	1118	unknown	unknown
slc15a2*1/*DEL	17	intermediate_metabolizer	1
slc15a2*2/*2	547	unknown	unknown
slc15a2*2/*2x2	3	unknown	unknown
slc15a2*2/*DEL	27	unknown	unknown
slc22a2./.	29	.	.
slc22a2*1/*1	553	normal_metabolizer	2
slc22a2*1/*2	564	unknown	unknown
slc22a2*1/*3	463	unknown	unknown
slc22a2*1/*4	43	unknown	unknown
slc22a2*1/*6	12	unknown	unknown
slc22a2*1/*7	6	unknown	unknown
slc22a2*1/*DEL	2	intermediate_metabolizer	1
slc22a2*1/*S1	13	unknown	unknown
slc22a2*1/*S2	5	unknown	unknown
slc22a2*2/*2	202	unknown	unknown
slc22a2*2/*3	294	unknown	unknown
slc22a2*2/*4	11	unknown	unknown
slc22a2*2/*6	6	unknown	unknown
slc22a2*2/*7	3	unknown	unknown
slc22a2*2/*DEL	1	unknown	unknown
slc22a2*2/*S2	8	unknown	unknown
slc22a2*3/*3	194	unknown	unknown
slc22a2*3/*4	18	unknown	unknown
slc22a2*3/*6	10	unknown	unknown
slc22a2*3/*7	6	unknown	unknown
slc22a2*3/*DEL	1	unknown	unknown
slc22a2*4/*4	2	unknown	unknown
slc22a2*4/*DEL	1	unknown	unknown
slc22a2*S1/*2	12	unknown	unknown
slc22a2*S1/*3	21	unknown	unknown
slc22a2*S1/*7	1	unknown	unknown
slc22a2*S2/*3	22	unknown	unknown
slc22a2*S2/*4	1	unknown	unknown
slco1b1./.	24	.	.
slco1b1*1/*1	326	normal_function	2
slco1b1*1/*14	120	increased_function	2.5
slco1b1*1/*15	97	decreased_function	1.5
slco1b1*1/*16	1	unknown	unknown
slco1b1*1/*17	35	decreased_function	1.5
slco1b1*1/*19	1	unknown	unknown
slco1b1*1/*1B	386	normal_function	2
slco1b1*1/*1x2	4	increased_function	3
slco1b1*1/*21	23	unknown	unknown
slco1b1*1/*22	1	unknown	unknown
slco1b1*1/*24	1	unknown	unknown
slco1b1*1/*27	14	unknown	unknown
slco1b1*1/*28	1	unknown	unknown
slco1b1*1/*30	1	unknown	unknown
slco1b1*1/*31	10	decreased_function	1.5
slco1b1*1/*35	60	increased_function	2.5
slco1b1*1/*4	1	unknown	unknown
slco1b1*1/*5	20	decreased_function	1.5
slco1b1*1/*9	1	decreased_function	1.5
slco1b1*1/*DEL	65	poor_function	1
slco1b1*1/*S2	4	poor_function	1
slco1b1*14/*14	13	increased_function	3
slco1b1*14/*15	19	normal_function	2
slco1b1*14/*17	6	normal_function	2
slco1b1*14/*21	2	unknown	unknown
slco1b1*14/*30	2	unknown	unknown
slco1b1*14/*31	4	normal_function	2
slco1b1*14/*35	13	increased_function	3
slco1b1*14/*DEL	42	decreased_function	1.5
slco1b1*15/*15	10	poor_function	1
slco1b1*15/*17	6	poor_function	1
slco1b1*15/*19	1	unknown	unknown
slco1b1*15/*21	4	unknown	unknown
slco1b1*15/*30	1	unknown	unknown
slco1b1*15/*31	1	poor_function	1
slco1b1*15/*35	9	normal_function	2
slco1b1*15/*DEL	29	poor_function	0.5
slco1b1*17/*17	4	poor_function	1
slco1b1*17/*17x2	1	decreased_function	1.5
slco1b1*17/*35	1	normal_function	2
slco1b1*17/*DEL	32	poor_function	0.5
slco1b1*1B/*14	64	increased_function	2.5
slco1b1*1B/*15	49	decreased_function	1.5
slco1b1*1B/*16	2	unknown	unknown
slco1b1*1B/*17	44	decreased_function	1.5
slco1b1*1B/*1B	414	normal_function	2
slco1b1*1B/*1Bx2	3	increased_function	3
slco1b1*1B/*21	17	unknown	unknown
slco1b1*1B/*24	3	unknown	unknown
slco1b1*1B/*27	28	unknown	unknown
slco1b1*1B/*28	2	unknown	unknown
slco1b1*1B/*29	1	unknown	unknown
slco1b1*1B/*30	6	unknown	unknown
slco1b1*1B/*31	13	decreased_function	1.5
slco1b1*1B/*35	68	increased_function	2.5
slco1b1*1B/*5	6	decreased_function	1.5
slco1b1*1B/*DEL	220	poor_function	1
slco1b1*1B/*S2	23	poor_function	1
slco1b1*1B/*S4	2	poor_function	1
slco1b1*21/*21	1	unknown	unknown
slco1b1*21/*27	1	unknown	unknown
slco1b1*21/*35	5	unknown	unknown
slco1b1*21/*DEL	12	unknown	unknown
slco1b1*24/*27	1	unknown	unknown
slco1b1*27/*30	2	unknown	unknown
slco1b1*27/*31	2	unknown	unknown
slco1b1*27/*35	3	unknown	unknown
slco1b1*27/*DEL	6	unknown	unknown
slco1b1*29/*DEL	1	unknown	unknown
slco1b1*30/*31	2	unknown	unknown
slco1b1*30/*35	1	unknown	unknown
slco1b1*30/*DEL	4	unknown	unknown
slco1b1*31/*31	2	poor_function	1
slco1b1*31/*35	4	normal_function	2
slco1b1*31/*DEL	12	poor_function	0.5
slco1b1*35/*35	2	increased_function	3
slco1b1*35/*DEL	33	decreased_function	1.5
slco1b1*5/*14	6	normal_function	2
slco1b1*5/*15	4	poor_function	1
slco1b1*5/*21	1	unknown	unknown
slco1b1*5/*35	4	normal_function	2
slco1b1*5/*DEL	6	poor_function	0.5
slco1b1*S1/*1B	1	poor_function	1
slco1b1*S2/*14	2	decreased_function	1.5
slco1b1*S2/*15	1	poor_function	0.5
slco1b1*S2/*27	1	unknown	unknown
slco1b1*S2/*35	2	decreased_function	1.5
slco1b1*S2/*DEL	10	poor_function	0
slco1b1*S2/*S2	1	poor_function	0
slco1b1*S4/*14	1	decreased_function	1.5
slco1b1*S4/*15	1	poor_function	0.5
slco1b1*S4/*17	1	poor_function	0.5
slco1b1*S4/*DEL	6	poor_function	0
slco1b1*S4/*S4	1	poor_function	0
slco1b3./.	3	.	.
slco1b3*1/*1	282	normal_function	2
slco1b3*1/*1x2	3	increased_function	3
slco1b3*1/*DEL	60	poor_function	1
slco1b3*1/*S1	649	decreased_function	1.5
slco1b3*S1/*DEL	360	poor_function	0.5
slco1b3*S1/*S1	1140	poor_function	1
slco1b3*S1/*S1x2	7	decreased_function	1.5
slco2b1./.	11	.	.
slco2b1*1/*1	1554	normal_metabolizer	2
slco2b1*1/*1x2	8	ultrarapid_metabolizer	3
slco2b1*1/*DEL	28	intermediate_metabolizer	1
slco2b1*1/*S1	151	intermediate_metabolizer	1
slco2b1*1/*S464F	576	unknown	unknown
slco2b1*S1/*DEL	6	poor_metabolizer	0
slco2b1*S1/*S1	6	poor_metabolizer	0
slco2b1*S1/*S464F	24	unknown	unknown
slco2b1*S464F/*DEL	15	unknown	unknown
slco2b1*S464F/*S464F	123	unknown	unknown
slco2b1*S464F/*S464Fx2	2	unknown	unknown
sult1a1./.	110	.	.
sult1a1*3/*3	1406	normal_metabolizer	2
sult1a1*3/*3x2	482	ultrarapid_metabolizer	3
sult1a1*3/*3x3	117	ultrarapid_metabolizer	4
sult1a1*3/*3x4	21	ultrarapid_metabolizer	5
sult1a1*3/*3x5	6	ultrarapid_metabolizer	6
sult1a1*3/*3x6	1	ultrarapid_metabolizer	7
sult1a1*S1/*3	353	intermediate_metabolizer	1
sult1a1*S1/*S1x3	6	poor_metabolizer	0
sult1a1*S1/*S1x4	1	poor_metabolizer	0
sult1a1*S1/*S1x5	1	poor_metabolizer	0
tbxas1*1/*1	2180	normal_metabolizer	2
tbxas1*1/*2	2	unknown	unknown
tbxas1*1/*3	16	unknown	unknown
tbxas1*1/*5	182	normal_metabolizer	1.5
tbxas1*1/*6	35	normal_metabolizer	2
tbxas1*1/*7	39	normal_metabolizer	2
tbxas1*1/*8	24	normal_metabolizer	1.5
tbxas1*1/*9	7	unknown	unknown
tbxas1*5/*5	9	intermediate_metabolizer	1
tbxas1*5/*6	8	normal_metabolizer	1.5
tbxas1*5/*8	1	intermediate_metabolizer	1
tbxas1*8/*8	1	intermediate_metabolizer	1
tpmt*1/*1	2136	normal_metabolizer	2
tpmt*1/*12	1	unknown	unknown
tpmt*1/*16	1	unknown	unknown
tpmt*1/*2	11	intermediate_metabolizer	1
tpmt*1/*21	1	unknown	unknown
tpmt*1/*24	33	unknown	unknown
tpmt*1/*32	1	unknown	unknown
tpmt*1/*33	1	unknown	unknown
tpmt*1/*3A	57	intermediate_metabolizer	1
tpmt*1/*3C	106	intermediate_metabolizer	1
tpmt*1/*40	1	unknown	unknown
tpmt*1/*6	1	unknown	unknown
tpmt*1/*8	26	unknown	unknown
tpmt*1/*DEL	101	intermediate_metabolizer	1
tpmt*24/*DEL	2	unknown	unknown
tpmt*3A/*16	1	unknown	unknown
tpmt*3A/*3A	1	poor_metabolizer	0
tpmt*3A/*DEL	3	poor_metabolizer	0
tpmt*3C/*24	2	unknown	unknown
tpmt*3C/*3A	1	poor_metabolizer	0
tpmt*3C/*3C	6	poor_metabolizer	0
tpmt*3C/*8	2	unknown	unknown
tpmt*3C/*DEL	9	poor_metabolizer	0
ugt1a1*1/*1	422	normal_metabolizer	2
ugt1a1*1/*27	10	normal_metabolizer	1.5
ugt1a1*1/*6	86	normal_metabolizer	1.5
ugt1a1*1/*60	950	normal_metabolizer	1.5
ugt1a1*1/*7	2	normal_metabolizer	1.5
ugt1a1*27/*60	2	intermediate_metabolizer	1
ugt1a1*6/*27	2	intermediate_metabolizer	1
ugt1a1*6/*6	9	intermediate_metabolizer	1
ugt1a1*6/*60	65	intermediate_metabolizer	1
ugt1a1*6/*7	1	intermediate_metabolizer	1
ugt1a1*60/*60	955	intermediate_metabolizer	1
ugt1a4./.	4	.	.
ugt1a4*1/*1	1705	normal_metabolizer	2
ugt1a4*1/*2	74	unknown	unknown
ugt1a4*1/*3A	516	normal_metabolizer	1.5
ugt1a4*1/*3B	15	normal_metabolizer	1.5
ugt1a4*1/*4	62	unknown	unknown
ugt1a4*1/*8	1	unknown	unknown
ugt1a4*1/*S1	28	unknown	unknown
ugt1a4*1/*S2	2	unknown	unknown
ugt1a4*1/*S3	2	intermediate_metabolizer	1
ugt1a4*1/*S5	1	normal_metabolizer	1.5
ugt1a4*2/*2	3	unknown	unknown
ugt1a4*2/*3A	12	unknown	unknown
ugt1a4*3A/*3A	70	intermediate_metabolizer	1
ugt1a4*3A/*3B	1	intermediate_metabolizer	1
ugt1a4*3A/*4	3	unknown	unknown
ugt1a4*4/*4	2	unknown	unknown
ugt1a4*S1/*3A	2	unknown	unknown
ugt1a4*S2/*4	1	unknown	unknown
ugt2b15./.	12	.	.
ugt2b15*1/*1	294	normal_metabolizer	2
ugt2b15*1/*1x2	1	ultrarapid_metabolizer	3
ugt2b15*1/*2	410	unknown	unknown
ugt2b15*1/*4	208	unknown	unknown
ugt2b15*1/*5	150	unknown	unknown
ugt2b15*1/*DEL	15	intermediate_metabolizer	1
ugt2b15*1/*S1	53	intermediate_metabolizer	1
ugt2b15*1/*S2	6	intermediate_metabolizer	1
ugt2b15*2/*2	187	unknown	unknown
ugt2b15*2/*2x2	3	unknown	unknown
ugt2b15*2/*4	217	unknown	unknown
ugt2b15*2/*5	173	unknown	unknown
ugt2b15*2/*DEL	50	unknown	unknown
ugt2b15*2/*S2	5	unknown	unknown
ugt2b15*4/*4	110	unknown	unknown
ugt2b15*4/*5	189	unknown	unknown
ugt2b15*4/*6	3	unknown	unknown
ugt2b15*4/*DEL	26	unknown	unknown
ugt2b15*5/*5	81	unknown	unknown
ugt2b15*5/*5x2	1	unknown	unknown
ugt2b15*5/*DEL	14	unknown	unknown
ugt2b15*S1/*2	114	unknown	unknown
ugt2b15*S1/*4	82	unknown	unknown
ugt2b15*S1/*5	95	unknown	unknown
ugt2b15*S1/*S2	1	poor_metabolizer	0
ugt2b15*S2/*4	1	unknown	unknown
ugt2b15*S2/*5	3	unknown	unknown
ugt2b17*1/*1	863	normal_metabolizer	2
ugt2b17*1/*1x2	256	ultrarapid_metabolizer	3
ugt2b17*1/*1x3	6	ultrarapid_metabolizer	4
ugt2b17*1/*2	837	intermediate_metabolizer	1
ugt2b17*2/*2	542	poor_metabolizer	0
ugt2b7./.	18	.	.
ugt2b7*1/*1	830	normal_metabolizer	2
ugt2b7*1/*1x2	7	ultrarapid_metabolizer	3
ugt2b7*1/*2	837	unknown	unknown
ugt2b7*1/*3	70	unknown	unknown
ugt2b7*1/*DEL	185	intermediate_metabolizer	1
ugt2b7*2/*2	254	unknown	unknown
ugt2b7*2/*2x2	3	unknown	unknown
ugt2b7*2/*3	25	unknown	unknown
ugt2b7*2/*DEL	236	unknown	unknown
ugt2b7*3/*3	5	unknown	unknown
ugt2b7*3/*DEL	34	unknown	unknown
vkorc1./.	11	.	.
vkorc1*1/*1	125	normal_metabolizer	2
vkorc1*1/*1x2	2	ultrarapid_metabolizer	3
vkorc1*1/*2	36	unknown	unknown
vkorc1*1/*3	246	unknown	unknown
vkorc1*1/*4	23	unknown	unknown
vkorc1*1/*DEL	10	intermediate_metabolizer	1
vkorc1*1/*V66M	6	unknown	unknown
vkorc1*2/*2	415	unknown	unknown
vkorc1*2/*2x2	7	unknown	unknown
vkorc1*2/*3	387	unknown	unknown
vkorc1*2/*4	109	unknown	unknown
vkorc1*2/*DEL	271	unknown	unknown
vkorc1*3/*3	417	unknown	unknown
vkorc1*3/*3x2	4	unknown	unknown
vkorc1*3/*4	161	unknown	unknown
vkorc1*3/*DEL	203	unknown	unknown
vkorc1*3/*V66M	3	unknown	unknown
vkorc1*4/*4	28	unknown	unknown
vkorc1*4/*DEL	40	unknown	unknown
